animal_id,molecule_id,sequence,is_control,timepoint_label,hours_post_dose,concentration_ng_ml
1,LIB001,PEPSRMYGGFPDAC,False,pre-bleed,,1.858
1,LIB001,PEPSRMYGGFPDAC,False,5min,0.08333333333333333,85.795
1,LIB001,PEPSRMYGGFPDAC,False,20min,0.3333333333333333,50.149
1,LIB001,PEPSRMYGGFPDAC,False,30min,0.5,38.236
1,LIB001,PEPSRMYGGFPDAC,False,1hr,1.0,28.756
1,LIB001,PEPSRMYGGFPDAC,False,2hr,2.0,13.629
1,LIB001,PEPSRMYGGFPDAC,False,8hr,8.0,1.981
1,LIB001,PEPSRMYGGFPDAC,False,16hr,16.0,1.474
1,LIB001,PEPSRMYGGFPDAC,False,24hr,24.0,1.468
1,LIB001,PEPSRMYGGFPDAC,False,36hr,36.0,1.468
1,LIB001,PEPSRMYGGFPDAC,False,48hr,48.0,1.468
1,LIB001,PEPSRMYGGFPDAC,False,72hr,72.0,1.468
2,LIB001,PEPSRMYGGFPDAC,False,pre-bleed,,1.017
2,LIB001,PEPSRMYGGFPDAC,False,5min,0.08333333333333333,89.591
2,LIB001,PEPSRMYGGFPDAC,False,20min,0.3333333333333333,70.319
2,LIB001,PEPSRMYGGFPDAC,False,30min,0.5,28.019
2,LIB001,PEPSRMYGGFPDAC,False,1hr,1.0,21.222
2,LIB001,PEPSRMYGGFPDAC,False,2hr,2.0,9.397
2,LIB001,PEPSRMYGGFPDAC,False,8hr,8.0,1.142
2,LIB001,PEPSRMYGGFPDAC,False,16hr,16.0,1.056
2,LIB001,PEPSRMYGGFPDAC,False,24hr,24.0,1.056
2,LIB001,PEPSRMYGGFPDAC,False,36hr,36.0,1.056
2,LIB001,PEPSRMYGGFPDAC,False,48hr,48.0,1.056
2,LIB001,PEPSRMYGGFPDAC,False,72hr,72.0,1.056
3,LIB001,PEPSRMYGGFPDAC,False,pre-bleed,,0.871
3,LIB001,PEPSRMYGGFPDAC,False,5min,0.08333333333333333,105.503
3,LIB001,PEPSRMYGGFPDAC,False,20min,0.3333333333333333,62.418
3,LIB001,PEPSRMYGGFPDAC,False,30min,0.5,55.45
3,LIB001,PEPSRMYGGFPDAC,False,1hr,1.0,30.374
3,LIB001,PEPSRMYGGFPDAC,False,2hr,2.0,14.787
3,LIB001,PEPSRMYGGFPDAC,False,8hr,8.0,1.58
3,LIB001,PEPSRMYGGFPDAC,False,16hr,16.0,0.924
3,LIB001,PEPSRMYGGFPDAC,False,24hr,24.0,0.916
3,LIB001,PEPSRMYGGFPDAC,False,36hr,36.0,0.916
3,LIB001,PEPSRMYGGFPDAC,False,48hr,48.0,0.916
3,LIB001,PEPSRMYGGFPDAC,False,72hr,72.0,0.916
1,LIB002,PEPSRMYGGFPEAC,False,pre-bleed,,1.218
1,LIB002,PEPSRMYGGFPEAC,False,5min,0.08333333333333333,94.84
1,LIB002,PEPSRMYGGFPEAC,False,20min,0.3333333333333333,57.014
1,LIB002,PEPSRMYGGFPEAC,False,30min,0.5,34.445
1,LIB002,PEPSRMYGGFPEAC,False,1hr,1.0,10.173
1,LIB002,PEPSRMYGGFPEAC,False,2hr,2.0,3.056
1,LIB002,PEPSRMYGGFPEAC,False,8hr,8.0,1.022
1,LIB002,PEPSRMYGGFPEAC,False,16hr,16.0,1.022
1,LIB002,PEPSRMYGGFPEAC,False,24hr,24.0,1.022
1,LIB002,PEPSRMYGGFPEAC,False,36hr,36.0,1.022
1,LIB002,PEPSRMYGGFPEAC,False,48hr,48.0,1.022
1,LIB002,PEPSRMYGGFPEAC,False,72hr,72.0,1.022
2,LIB002,PEPSRMYGGFPEAC,False,pre-bleed,,1.311
2,LIB002,PEPSRMYGGFPEAC,False,5min,0.08333333333333333,88.212
2,LIB002,PEPSRMYGGFPEAC,False,20min,0.3333333333333333,27.822
2,LIB002,PEPSRMYGGFPEAC,False,30min,0.5,27.322
2,LIB002,PEPSRMYGGFPEAC,False,1hr,1.0,8.295
2,LIB002,PEPSRMYGGFPEAC,False,2hr,2.0,1.944
2,LIB002,PEPSRMYGGFPEAC,False,8hr,8.0,1.102
2,LIB002,PEPSRMYGGFPEAC,False,16hr,16.0,1.102
2,LIB002,PEPSRMYGGFPEAC,False,24hr,24.0,1.102
2,LIB002,PEPSRMYGGFPEAC,False,36hr,36.0,1.102
2,LIB002,PEPSRMYGGFPEAC,False,48hr,48.0,1.102
2,LIB002,PEPSRMYGGFPEAC,False,72hr,72.0,1.102
3,LIB002,PEPSRMYGGFPEAC,False,pre-bleed,,1.395
3,LIB002,PEPSRMYGGFPEAC,False,5min,0.08333333333333333,90.373
3,LIB002,PEPSRMYGGFPEAC,False,20min,0.3333333333333333,55.432
3,LIB002,PEPSRMYGGFPEAC,False,30min,0.5,40.7
3,LIB002,PEPSRMYGGFPEAC,False,1hr,1.0,15.157
3,LIB002,PEPSRMYGGFPEAC,False,2hr,2.0,4.193
3,LIB002,PEPSRMYGGFPEAC,False,8hr,8.0,1.189
3,LIB002,PEPSRMYGGFPEAC,False,16hr,16.0,1.188
3,LIB002,PEPSRMYGGFPEAC,False,24hr,24.0,1.188
3,LIB002,PEPSRMYGGFPEAC,False,36hr,36.0,1.188
3,LIB002,PEPSRMYGGFPEAC,False,48hr,48.0,1.188
3,LIB002,PEPSRMYGGFPEAC,False,72hr,72.0,1.188
1,LIB003,PEPSRMYGGFPMAC,False,pre-bleed,,1.471
1,LIB003,PEPSRMYGGFPMAC,False,5min,0.08333333333333333,94.016
1,LIB003,PEPSRMYGGFPMAC,False,20min,0.3333333333333333,60.275
1,LIB003,PEPSRMYGGFPMAC,False,30min,0.5,50.252
1,LIB003,PEPSRMYGGFPMAC,False,1hr,1.0,37.174
1,LIB003,PEPSRMYGGFPMAC,False,2hr,2.0,39.663
1,LIB003,PEPSRMYGGFPMAC,False,8hr,8.0,21.478
1,LIB003,PEPSRMYGGFPMAC,False,16hr,16.0,11.622
1,LIB003,PEPSRMYGGFPMAC,False,24hr,24.0,10.977
1,LIB003,PEPSRMYGGFPMAC,False,36hr,36.0,5.162
1,LIB003,PEPSRMYGGFPMAC,False,48hr,48.0,3.401
1,LIB003,PEPSRMYGGFPMAC,False,72hr,72.0,2.002
2,LIB003,PEPSRMYGGFPMAC,False,pre-bleed,,1.227
2,LIB003,PEPSRMYGGFPMAC,False,5min,0.08333333333333333,80.508
2,LIB003,PEPSRMYGGFPMAC,False,20min,0.3333333333333333,50.946
2,LIB003,PEPSRMYGGFPMAC,False,30min,0.5,32.299
2,LIB003,PEPSRMYGGFPMAC,False,1hr,1.0,21.609
2,LIB003,PEPSRMYGGFPMAC,False,2hr,2.0,27.54
2,LIB003,PEPSRMYGGFPMAC,False,8hr,8.0,16.255
2,LIB003,PEPSRMYGGFPMAC,False,16hr,16.0,10.582
2,LIB003,PEPSRMYGGFPMAC,False,24hr,24.0,6.405
2,LIB003,PEPSRMYGGFPMAC,False,36hr,36.0,3.024
2,LIB003,PEPSRMYGGFPMAC,False,48hr,48.0,1.962
2,LIB003,PEPSRMYGGFPMAC,False,72hr,72.0,1.263
3,LIB003,PEPSRMYGGFPMAC,False,pre-bleed,,1.507
3,LIB003,PEPSRMYGGFPMAC,False,5min,0.08333333333333333,86.001
3,LIB003,PEPSRMYGGFPMAC,False,20min,0.3333333333333333,64.666
3,LIB003,PEPSRMYGGFPMAC,False,30min,0.5,49.512
3,LIB003,PEPSRMYGGFPMAC,False,1hr,1.0,38.259
3,LIB003,PEPSRMYGGFPMAC,False,2hr,2.0,37.2
3,LIB003,PEPSRMYGGFPMAC,False,8hr,8.0,19.703
3,LIB003,PEPSRMYGGFPMAC,False,16hr,16.0,13.878
3,LIB003,PEPSRMYGGFPMAC,False,24hr,24.0,9.085
3,LIB003,PEPSRMYGGFPMAC,False,36hr,36.0,4.862
3,LIB003,PEPSRMYGGFPMAC,False,48hr,48.0,3.467
3,LIB003,PEPSRMYGGFPMAC,False,72hr,72.0,1.963
1,LIB004,PEPSRMYGGFPLAC,False,pre-bleed,,1.311
1,LIB004,PEPSRMYGGFPLAC,False,5min,0.08333333333333333,100.228
1,LIB004,PEPSRMYGGFPLAC,False,20min,0.3333333333333333,61.537
1,LIB004,PEPSRMYGGFPLAC,False,30min,0.5,46.756
1,LIB004,PEPSRMYGGFPLAC,False,1hr,1.0,35.829
1,LIB004,PEPSRMYGGFPLAC,False,2hr,2.0,27.825
1,LIB004,PEPSRMYGGFPLAC,False,8hr,8.0,22.324
1,LIB004,PEPSRMYGGFPLAC,False,16hr,16.0,16.466
1,LIB004,PEPSRMYGGFPLAC,False,24hr,24.0,13.052
1,LIB004,PEPSRMYGGFPLAC,False,36hr,36.0,8.605
1,LIB004,PEPSRMYGGFPLAC,False,48hr,48.0,4.19
1,LIB004,PEPSRMYGGFPLAC,False,72hr,72.0,2.422
2,LIB004,PEPSRMYGGFPLAC,False,pre-bleed,,0.948
2,LIB004,PEPSRMYGGFPLAC,False,5min,0.08333333333333333,73.193
2,LIB004,PEPSRMYGGFPLAC,False,20min,0.3333333333333333,52.686
2,LIB004,PEPSRMYGGFPLAC,False,30min,0.5,40.622
2,LIB004,PEPSRMYGGFPLAC,False,1hr,1.0,31.9
2,LIB004,PEPSRMYGGFPLAC,False,2hr,2.0,31.504
2,LIB004,PEPSRMYGGFPLAC,False,8hr,8.0,19.477
2,LIB004,PEPSRMYGGFPLAC,False,16hr,16.0,13.014
2,LIB004,PEPSRMYGGFPLAC,False,24hr,24.0,8.176
2,LIB004,PEPSRMYGGFPLAC,False,36hr,36.0,4.827
2,LIB004,PEPSRMYGGFPLAC,False,48hr,48.0,2.237
2,LIB004,PEPSRMYGGFPLAC,False,72hr,72.0,1.077
3,LIB004,PEPSRMYGGFPLAC,False,pre-bleed,,1.127
3,LIB004,PEPSRMYGGFPLAC,False,5min,0.08333333333333333,98.014
3,LIB004,PEPSRMYGGFPLAC,False,20min,0.3333333333333333,80.942
3,LIB004,PEPSRMYGGFPLAC,False,30min,0.5,68.719
3,LIB004,PEPSRMYGGFPLAC,False,1hr,1.0,41.43
3,LIB004,PEPSRMYGGFPLAC,False,2hr,2.0,36.464
3,LIB004,PEPSRMYGGFPLAC,False,8hr,8.0,30.267
3,LIB004,PEPSRMYGGFPLAC,False,16hr,16.0,17.038
3,LIB004,PEPSRMYGGFPLAC,False,24hr,24.0,13.47
3,LIB004,PEPSRMYGGFPLAC,False,36hr,36.0,7.761
3,LIB004,PEPSRMYGGFPLAC,False,48hr,48.0,4.989
3,LIB004,PEPSRMYGGFPLAC,False,72hr,72.0,2.203
1,LIB005,PEPSRMYGGFPIAC,False,pre-bleed,,1.307
1,LIB005,PEPSRMYGGFPIAC,False,5min,0.08333333333333333,89.281
1,LIB005,PEPSRMYGGFPIAC,False,20min,0.3333333333333333,51.61
1,LIB005,PEPSRMYGGFPIAC,False,30min,0.5,34.54
1,LIB005,PEPSRMYGGFPIAC,False,1hr,1.0,32.672
1,LIB005,PEPSRMYGGFPIAC,False,2hr,2.0,28.034
1,LIB005,PEPSRMYGGFPIAC,False,8hr,8.0,21.983
1,LIB005,PEPSRMYGGFPIAC,False,16hr,16.0,16.522
1,LIB005,PEPSRMYGGFPIAC,False,24hr,24.0,12.462
1,LIB005,PEPSRMYGGFPIAC,False,36hr,36.0,7.158
1,LIB005,PEPSRMYGGFPIAC,False,48hr,48.0,5.317
1,LIB005,PEPSRMYGGFPIAC,False,72hr,72.0,2.408
2,LIB005,PEPSRMYGGFPIAC,False,pre-bleed,,1.838
2,LIB005,PEPSRMYGGFPIAC,False,5min,0.08333333333333333,100.946
2,LIB005,PEPSRMYGGFPIAC,False,20min,0.3333333333333333,69.214
2,LIB005,PEPSRMYGGFPIAC,False,30min,0.5,58.394
2,LIB005,PEPSRMYGGFPIAC,False,1hr,1.0,38.508
2,LIB005,PEPSRMYGGFPIAC,False,2hr,2.0,35.74
2,LIB005,PEPSRMYGGFPIAC,False,8hr,8.0,18.864
2,LIB005,PEPSRMYGGFPIAC,False,16hr,16.0,14.1
2,LIB005,PEPSRMYGGFPIAC,False,24hr,24.0,9.197
2,LIB005,PEPSRMYGGFPIAC,False,36hr,36.0,4.565
2,LIB005,PEPSRMYGGFPIAC,False,48hr,48.0,2.85
2,LIB005,PEPSRMYGGFPIAC,False,72hr,72.0,2.02
3,LIB005,PEPSRMYGGFPIAC,False,pre-bleed,,1.032
3,LIB005,PEPSRMYGGFPIAC,False,5min,0.08333333333333333,73.876
3,LIB005,PEPSRMYGGFPIAC,False,20min,0.3333333333333333,73.788
3,LIB005,PEPSRMYGGFPIAC,False,30min,0.5,59.386
3,LIB005,PEPSRMYGGFPIAC,False,1hr,1.0,36.781
3,LIB005,PEPSRMYGGFPIAC,False,2hr,2.0,28.26
3,LIB005,PEPSRMYGGFPIAC,False,8hr,8.0,18.739
3,LIB005,PEPSRMYGGFPIAC,False,16hr,16.0,17.622
3,LIB005,PEPSRMYGGFPIAC,False,24hr,24.0,17.541
3,LIB005,PEPSRMYGGFPIAC,False,36hr,36.0,9.124
3,LIB005,PEPSRMYGGFPIAC,False,48hr,48.0,5.534
3,LIB005,PEPSRMYGGFPIAC,False,72hr,72.0,3.064
1,LIB006,PEPSRMYAGFPDAC,False,pre-bleed,,1.434
1,LIB006,PEPSRMYAGFPDAC,False,5min,0.08333333333333333,78.554
1,LIB006,PEPSRMYAGFPDAC,False,20min,0.3333333333333333,53.694
1,LIB006,PEPSRMYAGFPDAC,False,30min,0.5,37.048
1,LIB006,PEPSRMYAGFPDAC,False,1hr,1.0,28.033
1,LIB006,PEPSRMYAGFPDAC,False,2hr,2.0,18.917
1,LIB006,PEPSRMYAGFPDAC,False,8hr,8.0,2.653
1,LIB006,PEPSRMYAGFPDAC,False,16hr,16.0,1.344
1,LIB006,PEPSRMYAGFPDAC,False,24hr,24.0,1.278
1,LIB006,PEPSRMYAGFPDAC,False,36hr,36.0,1.274
1,LIB006,PEPSRMYAGFPDAC,False,48hr,48.0,1.274
1,LIB006,PEPSRMYAGFPDAC,False,72hr,72.0,1.274
2,LIB006,PEPSRMYAGFPDAC,False,pre-bleed,,1.546
2,LIB006,PEPSRMYAGFPDAC,False,5min,0.08333333333333333,83.109
2,LIB006,PEPSRMYAGFPDAC,False,20min,0.3333333333333333,59.137
2,LIB006,PEPSRMYAGFPDAC,False,30min,0.5,53.82
2,LIB006,PEPSRMYAGFPDAC,False,1hr,1.0,22.825
2,LIB006,PEPSRMYAGFPDAC,False,2hr,2.0,16.59
2,LIB006,PEPSRMYAGFPDAC,False,8hr,8.0,2.089
2,LIB006,PEPSRMYAGFPDAC,False,16hr,16.0,1.64
2,LIB006,PEPSRMYAGFPDAC,False,24hr,24.0,1.632
2,LIB006,PEPSRMYAGFPDAC,False,36hr,36.0,1.632
2,LIB006,PEPSRMYAGFPDAC,False,48hr,48.0,1.632
2,LIB006,PEPSRMYAGFPDAC,False,72hr,72.0,1.632
3,LIB006,PEPSRMYAGFPDAC,False,pre-bleed,,1.299
3,LIB006,PEPSRMYAGFPDAC,False,5min,0.08333333333333333,78.76
3,LIB006,PEPSRMYAGFPDAC,False,20min,0.3333333333333333,63.251
3,LIB006,PEPSRMYAGFPDAC,False,30min,0.5,50.491
3,LIB006,PEPSRMYAGFPDAC,False,1hr,1.0,31.171
3,LIB006,PEPSRMYAGFPDAC,False,2hr,2.0,19.871
3,LIB006,PEPSRMYAGFPDAC,False,8hr,8.0,3.275
3,LIB006,PEPSRMYAGFPDAC,False,16hr,16.0,1.394
3,LIB006,PEPSRMYAGFPDAC,False,24hr,24.0,1.266
3,LIB006,PEPSRMYAGFPDAC,False,36hr,36.0,1.26
3,LIB006,PEPSRMYAGFPDAC,False,48hr,48.0,1.26
3,LIB006,PEPSRMYAGFPDAC,False,72hr,72.0,1.26
1,LIB007,PEPSRMYAGFPEAC,False,pre-bleed,,1.243
1,LIB007,PEPSRMYAGFPEAC,False,5min,0.08333333333333333,70.625
1,LIB007,PEPSRMYAGFPEAC,False,20min,0.3333333333333333,55.854
1,LIB007,PEPSRMYAGFPEAC,False,30min,0.5,44.749
1,LIB007,PEPSRMYAGFPEAC,False,1hr,1.0,28.617
1,LIB007,PEPSRMYAGFPEAC,False,2hr,2.0,20.59
1,LIB007,PEPSRMYAGFPEAC,False,8hr,8.0,7.537
1,LIB007,PEPSRMYAGFPEAC,False,16hr,16.0,2.371
1,LIB007,PEPSRMYAGFPEAC,False,24hr,24.0,1.411
1,LIB007,PEPSRMYAGFPEAC,False,36hr,36.0,1.251
1,LIB007,PEPSRMYAGFPEAC,False,48hr,48.0,1.235
1,LIB007,PEPSRMYAGFPEAC,False,72hr,72.0,1.234
2,LIB007,PEPSRMYAGFPEAC,False,pre-bleed,,1.362
2,LIB007,PEPSRMYAGFPEAC,False,5min,0.08333333333333333,89.995
2,LIB007,PEPSRMYAGFPEAC,False,20min,0.3333333333333333,36.082
2,LIB007,PEPSRMYAGFPEAC,False,30min,0.5,35.293
2,LIB007,PEPSRMYAGFPEAC,False,1hr,1.0,27.545
2,LIB007,PEPSRMYAGFPEAC,False,2hr,2.0,16.966
2,LIB007,PEPSRMYAGFPEAC,False,8hr,8.0,4.368
2,LIB007,PEPSRMYAGFPEAC,False,16hr,16.0,1.685
2,LIB007,PEPSRMYAGFPEAC,False,24hr,24.0,1.427
2,LIB007,PEPSRMYAGFPEAC,False,36hr,36.0,1.415
2,LIB007,PEPSRMYAGFPEAC,False,48hr,48.0,1.415
2,LIB007,PEPSRMYAGFPEAC,False,72hr,72.0,1.415
3,LIB007,PEPSRMYAGFPEAC,False,pre-bleed,,0.756
3,LIB007,PEPSRMYAGFPEAC,False,5min,0.08333333333333333,75.168
3,LIB007,PEPSRMYAGFPEAC,False,20min,0.3333333333333333,51.098
3,LIB007,PEPSRMYAGFPEAC,False,30min,0.5,48.529
3,LIB007,PEPSRMYAGFPEAC,False,1hr,1.0,30.556
3,LIB007,PEPSRMYAGFPEAC,False,2hr,2.0,17.029
3,LIB007,PEPSRMYAGFPEAC,False,8hr,8.0,5.704
3,LIB007,PEPSRMYAGFPEAC,False,16hr,16.0,1.521
3,LIB007,PEPSRMYAGFPEAC,False,24hr,24.0,1.023
3,LIB007,PEPSRMYAGFPEAC,False,36hr,36.0,0.921
3,LIB007,PEPSRMYAGFPEAC,False,48hr,48.0,0.916
3,LIB007,PEPSRMYAGFPEAC,False,72hr,72.0,0.916
1,LIB008,PEPSRMYAGFPMAC,False,pre-bleed,,1.203
1,LIB008,PEPSRMYAGFPMAC,False,5min,0.08333333333333333,96.49
1,LIB008,PEPSRMYAGFPMAC,False,20min,0.3333333333333333,57.296
1,LIB008,PEPSRMYAGFPMAC,False,30min,0.5,59.465
1,LIB008,PEPSRMYAGFPMAC,False,1hr,1.0,38.487
1,LIB008,PEPSRMYAGFPMAC,False,2hr,2.0,30.993
1,LIB008,PEPSRMYAGFPMAC,False,8hr,8.0,29.125
1,LIB008,PEPSRMYAGFPMAC,False,16hr,16.0,19.494
1,LIB008,PEPSRMYAGFPMAC,False,24hr,24.0,12.707
1,LIB008,PEPSRMYAGFPMAC,False,36hr,36.0,9.563
1,LIB008,PEPSRMYAGFPMAC,False,48hr,48.0,5.165
1,LIB008,PEPSRMYAGFPMAC,False,72hr,72.0,2.699
2,LIB008,PEPSRMYAGFPMAC,False,pre-bleed,,1.124
2,LIB008,PEPSRMYAGFPMAC,False,5min,0.08333333333333333,110.075
2,LIB008,PEPSRMYAGFPMAC,False,20min,0.3333333333333333,50.543
2,LIB008,PEPSRMYAGFPMAC,False,30min,0.5,33.804
2,LIB008,PEPSRMYAGFPMAC,False,1hr,1.0,48.309
2,LIB008,PEPSRMYAGFPMAC,False,2hr,2.0,47.937
2,LIB008,PEPSRMYAGFPMAC,False,8hr,8.0,18.927
2,LIB008,PEPSRMYAGFPMAC,False,16hr,16.0,8.494
2,LIB008,PEPSRMYAGFPMAC,False,24hr,24.0,6.262
2,LIB008,PEPSRMYAGFPMAC,False,36hr,36.0,3.16
2,LIB008,PEPSRMYAGFPMAC,False,48hr,48.0,1.967
2,LIB008,PEPSRMYAGFPMAC,False,72hr,72.0,1.295
3,LIB008,PEPSRMYAGFPMAC,False,pre-bleed,,1.957
3,LIB008,PEPSRMYAGFPMAC,False,5min,0.08333333333333333,94.673
3,LIB008,PEPSRMYAGFPMAC,False,20min,0.3333333333333333,64.041
3,LIB008,PEPSRMYAGFPMAC,False,30min,0.5,55.261
3,LIB008,PEPSRMYAGFPMAC,False,1hr,1.0,44.538
3,LIB008,PEPSRMYAGFPMAC,False,2hr,2.0,29.153
3,LIB008,PEPSRMYAGFPMAC,False,8hr,8.0,26.978
3,LIB008,PEPSRMYAGFPMAC,False,16hr,16.0,17.855
3,LIB008,PEPSRMYAGFPMAC,False,24hr,24.0,15.92
3,LIB008,PEPSRMYAGFPMAC,False,36hr,36.0,7.96
3,LIB008,PEPSRMYAGFPMAC,False,48hr,48.0,5.989
3,LIB008,PEPSRMYAGFPMAC,False,72hr,72.0,2.505
1,LIB009,PEPSRMYAGFPLAC,False,pre-bleed,,1.246
1,LIB009,PEPSRMYAGFPLAC,False,5min,0.08333333333333333,88.906
1,LIB009,PEPSRMYAGFPLAC,False,20min,0.3333333333333333,54.224
1,LIB009,PEPSRMYAGFPLAC,False,30min,0.5,55.078
1,LIB009,PEPSRMYAGFPLAC,False,1hr,1.0,37.269
1,LIB009,PEPSRMYAGFPLAC,False,2hr,2.0,34.018
1,LIB009,PEPSRMYAGFPLAC,False,8hr,8.0,27.744
1,LIB009,PEPSRMYAGFPLAC,False,16hr,16.0,17.38
1,LIB009,PEPSRMYAGFPLAC,False,24hr,24.0,13.181
1,LIB009,PEPSRMYAGFPLAC,False,36hr,36.0,10.755
1,LIB009,PEPSRMYAGFPLAC,False,48hr,48.0,6.508
1,LIB009,PEPSRMYAGFPLAC,False,72hr,72.0,2.766
2,LIB009,PEPSRMYAGFPLAC,False,pre-bleed,,0.941
2,LIB009,PEPSRMYAGFPLAC,False,5min,0.08333333333333333,98.71
2,LIB009,PEPSRMYAGFPLAC,False,20min,0.3333333333333333,97.229
2,LIB009,PEPSRMYAGFPLAC,False,30min,0.5,59.193
2,LIB009,PEPSRMYAGFPLAC,False,1hr,1.0,43.442
2,LIB009,PEPSRMYAGFPLAC,False,2hr,2.0,33.409
2,LIB009,PEPSRMYAGFPLAC,False,8hr,8.0,27.693
2,LIB009,PEPSRMYAGFPLAC,False,16hr,16.0,17.248
2,LIB009,PEPSRMYAGFPLAC,False,24hr,24.0,12.319
2,LIB009,PEPSRMYAGFPLAC,False,36hr,36.0,5.123
2,LIB009,PEPSRMYAGFPLAC,False,48hr,48.0,3.012
2,LIB009,PEPSRMYAGFPLAC,False,72hr,72.0,1.374
3,LIB009,PEPSRMYAGFPLAC,False,pre-bleed,,0.995
3,LIB009,PEPSRMYAGFPLAC,False,5min,0.08333333333333333,92.807
3,LIB009,PEPSRMYAGFPLAC,False,20min,0.3333333333333333,78.389
3,LIB009,PEPSRMYAGFPLAC,False,30min,0.5,46.717
3,LIB009,PEPSRMYAGFPLAC,False,1hr,1.0,40.24
3,LIB009,PEPSRMYAGFPLAC,False,2hr,2.0,33.13
3,LIB009,PEPSRMYAGFPLAC,False,8hr,8.0,21.778
3,LIB009,PEPSRMYAGFPLAC,False,16hr,16.0,18.634
3,LIB009,PEPSRMYAGFPLAC,False,24hr,24.0,13.895
3,LIB009,PEPSRMYAGFPLAC,False,36hr,36.0,9.669
3,LIB009,PEPSRMYAGFPLAC,False,48hr,48.0,7.236
3,LIB009,PEPSRMYAGFPLAC,False,72hr,72.0,3.029
1,LIB010,PEPSRMYAGFPIAC,False,pre-bleed,,1.115
1,LIB010,PEPSRMYAGFPIAC,False,5min,0.08333333333333333,85.688
1,LIB010,PEPSRMYAGFPIAC,False,20min,0.3333333333333333,55.03
1,LIB010,PEPSRMYAGFPIAC,False,30min,0.5,50.934
1,LIB010,PEPSRMYAGFPIAC,False,1hr,1.0,35.604
1,LIB010,PEPSRMYAGFPIAC,False,2hr,2.0,33.39
1,LIB010,PEPSRMYAGFPIAC,False,8hr,8.0,21.439
1,LIB010,PEPSRMYAGFPIAC,False,16hr,16.0,17.26
1,LIB010,PEPSRMYAGFPIAC,False,24hr,24.0,12.309
1,LIB010,PEPSRMYAGFPIAC,False,36hr,36.0,7.116
1,LIB010,PEPSRMYAGFPIAC,False,48hr,48.0,4.607
1,LIB010,PEPSRMYAGFPIAC,False,72hr,72.0,2.789
2,LIB010,PEPSRMYAGFPIAC,False,pre-bleed,,1.244
2,LIB010,PEPSRMYAGFPIAC,False,5min,0.08333333333333333,65.589
2,LIB010,PEPSRMYAGFPIAC,False,20min,0.3333333333333333,48.355
2,LIB010,PEPSRMYAGFPIAC,False,30min,0.5,59.182
2,LIB010,PEPSRMYAGFPIAC,False,1hr,1.0,37.804
2,LIB010,PEPSRMYAGFPIAC,False,2hr,2.0,36.257
2,LIB010,PEPSRMYAGFPIAC,False,8hr,8.0,19.497
2,LIB010,PEPSRMYAGFPIAC,False,16hr,16.0,12.969
2,LIB010,PEPSRMYAGFPIAC,False,24hr,24.0,10.912
2,LIB010,PEPSRMYAGFPIAC,False,36hr,36.0,6.046
2,LIB010,PEPSRMYAGFPIAC,False,48hr,48.0,4.081
2,LIB010,PEPSRMYAGFPIAC,False,72hr,72.0,2.267
3,LIB010,PEPSRMYAGFPIAC,False,pre-bleed,,1.309
3,LIB010,PEPSRMYAGFPIAC,False,5min,0.08333333333333333,70.421
3,LIB010,PEPSRMYAGFPIAC,False,20min,0.3333333333333333,71.406
3,LIB010,PEPSRMYAGFPIAC,False,30min,0.5,61.407
3,LIB010,PEPSRMYAGFPIAC,False,1hr,1.0,36.173
3,LIB010,PEPSRMYAGFPIAC,False,2hr,2.0,28.524
3,LIB010,PEPSRMYAGFPIAC,False,8hr,8.0,27.404
3,LIB010,PEPSRMYAGFPIAC,False,16hr,16.0,21.782
3,LIB010,PEPSRMYAGFPIAC,False,24hr,24.0,17.451
3,LIB010,PEPSRMYAGFPIAC,False,36hr,36.0,9.856
3,LIB010,PEPSRMYAGFPIAC,False,48hr,48.0,6.11
3,LIB010,PEPSRMYAGFPIAC,False,72hr,72.0,3.175
1,LIB011,PEPSRMYVGFPDAC,False,pre-bleed,,2.206
1,LIB011,PEPSRMYVGFPDAC,False,5min,0.08333333333333333,99.336
1,LIB011,PEPSRMYVGFPDAC,False,20min,0.3333333333333333,54.661
1,LIB011,PEPSRMYVGFPDAC,False,30min,0.5,55.556
1,LIB011,PEPSRMYVGFPDAC,False,1hr,1.0,40.396
1,LIB011,PEPSRMYVGFPDAC,False,2hr,2.0,33.522
1,LIB011,PEPSRMYVGFPDAC,False,8hr,8.0,23.641
1,LIB011,PEPSRMYVGFPDAC,False,16hr,16.0,12.825
1,LIB011,PEPSRMYVGFPDAC,False,24hr,24.0,7.817
1,LIB011,PEPSRMYVGFPDAC,False,36hr,36.0,4.118
1,LIB011,PEPSRMYVGFPDAC,False,48hr,48.0,2.63
1,LIB011,PEPSRMYVGFPDAC,False,72hr,72.0,1.807
2,LIB011,PEPSRMYVGFPDAC,False,pre-bleed,,2.07
2,LIB011,PEPSRMYVGFPDAC,False,5min,0.08333333333333333,108.896
2,LIB011,PEPSRMYVGFPDAC,False,20min,0.3333333333333333,61.751
2,LIB011,PEPSRMYVGFPDAC,False,30min,0.5,61.118
2,LIB011,PEPSRMYVGFPDAC,False,1hr,1.0,36.277
2,LIB011,PEPSRMYVGFPDAC,False,2hr,2.0,30.858
2,LIB011,PEPSRMYVGFPDAC,False,8hr,8.0,13.57
2,LIB011,PEPSRMYVGFPDAC,False,16hr,16.0,7.837
2,LIB011,PEPSRMYVGFPDAC,False,24hr,24.0,4.001
2,LIB011,PEPSRMYVGFPDAC,False,36hr,36.0,2.096
2,LIB011,PEPSRMYVGFPDAC,False,48hr,48.0,1.757
2,LIB011,PEPSRMYVGFPDAC,False,72hr,72.0,1.608
3,LIB011,PEPSRMYVGFPDAC,False,pre-bleed,,1.297
3,LIB011,PEPSRMYVGFPDAC,False,5min,0.08333333333333333,99.503
3,LIB011,PEPSRMYVGFPDAC,False,20min,0.3333333333333333,65.037
3,LIB011,PEPSRMYVGFPDAC,False,30min,0.5,60.783
3,LIB011,PEPSRMYVGFPDAC,False,1hr,1.0,41.199
3,LIB011,PEPSRMYVGFPDAC,False,2hr,2.0,31.244
3,LIB011,PEPSRMYVGFPDAC,False,8hr,8.0,23.189
3,LIB011,PEPSRMYVGFPDAC,False,16hr,16.0,12.443
3,LIB011,PEPSRMYVGFPDAC,False,24hr,24.0,5.788
3,LIB011,PEPSRMYVGFPDAC,False,36hr,36.0,3.304
3,LIB011,PEPSRMYVGFPDAC,False,48hr,48.0,2.137
3,LIB011,PEPSRMYVGFPDAC,False,72hr,72.0,1.406
1,LIB012,PEPSRMYVGFPEAC,False,pre-bleed,,1.245
1,LIB012,PEPSRMYVGFPEAC,False,5min,0.08333333333333333,98.821
1,LIB012,PEPSRMYVGFPEAC,False,20min,0.3333333333333333,76.359
1,LIB012,PEPSRMYVGFPEAC,False,30min,0.5,62.529
1,LIB012,PEPSRMYVGFPEAC,False,1hr,1.0,40.094
1,LIB012,PEPSRMYVGFPEAC,False,2hr,2.0,29.564
1,LIB012,PEPSRMYVGFPEAC,False,8hr,8.0,20.736
1,LIB012,PEPSRMYVGFPEAC,False,16hr,16.0,12.306
1,LIB012,PEPSRMYVGFPEAC,False,24hr,24.0,6.861
1,LIB012,PEPSRMYVGFPEAC,False,36hr,36.0,3.314
1,LIB012,PEPSRMYVGFPEAC,False,48hr,48.0,2.1
1,LIB012,PEPSRMYVGFPEAC,False,72hr,72.0,1.312
2,LIB012,PEPSRMYVGFPEAC,False,pre-bleed,,1.504
2,LIB012,PEPSRMYVGFPEAC,False,5min,0.08333333333333333,69.724
2,LIB012,PEPSRMYVGFPEAC,False,20min,0.3333333333333333,54.586
2,LIB012,PEPSRMYVGFPEAC,False,30min,0.5,62.096
2,LIB012,PEPSRMYVGFPEAC,False,1hr,1.0,29.428
2,LIB012,PEPSRMYVGFPEAC,False,2hr,2.0,20.13
2,LIB012,PEPSRMYVGFPEAC,False,8hr,8.0,10.888
2,LIB012,PEPSRMYVGFPEAC,False,16hr,16.0,6.437
2,LIB012,PEPSRMYVGFPEAC,False,24hr,24.0,3.375
2,LIB012,PEPSRMYVGFPEAC,False,36hr,36.0,1.896
2,LIB012,PEPSRMYVGFPEAC,False,48hr,48.0,1.579
2,LIB012,PEPSRMYVGFPEAC,False,72hr,72.0,1.447
3,LIB012,PEPSRMYVGFPEAC,False,pre-bleed,,1.174
3,LIB012,PEPSRMYVGFPEAC,False,5min,0.08333333333333333,84.103
3,LIB012,PEPSRMYVGFPEAC,False,20min,0.3333333333333333,66.088
3,LIB012,PEPSRMYVGFPEAC,False,30min,0.5,68.175
3,LIB012,PEPSRMYVGFPEAC,False,1hr,1.0,51.496
3,LIB012,PEPSRMYVGFPEAC,False,2hr,2.0,31.915
3,LIB012,PEPSRMYVGFPEAC,False,8hr,8.0,25.64
3,LIB012,PEPSRMYVGFPEAC,False,16hr,16.0,11.998
3,LIB012,PEPSRMYVGFPEAC,False,24hr,24.0,8.361
3,LIB012,PEPSRMYVGFPEAC,False,36hr,36.0,3.6
3,LIB012,PEPSRMYVGFPEAC,False,48hr,48.0,2.252
3,LIB012,PEPSRMYVGFPEAC,False,72hr,72.0,1.468
1,LIB013,PEPSRMYVGFPMAC,False,pre-bleed,,1.141
1,LIB013,PEPSRMYVGFPMAC,False,5min,0.08333333333333333,105.543
1,LIB013,PEPSRMYVGFPMAC,False,20min,0.3333333333333333,89.336
1,LIB013,PEPSRMYVGFPMAC,False,30min,0.5,68.605
1,LIB013,PEPSRMYVGFPMAC,False,1hr,1.0,52.2
1,LIB013,PEPSRMYVGFPMAC,False,2hr,2.0,42.659
1,LIB013,PEPSRMYVGFPMAC,False,8hr,8.0,35.129
1,LIB013,PEPSRMYVGFPMAC,False,16hr,16.0,26.693
1,LIB013,PEPSRMYVGFPMAC,False,24hr,24.0,15.711
1,LIB013,PEPSRMYVGFPMAC,False,36hr,36.0,13.705
1,LIB013,PEPSRMYVGFPMAC,False,48hr,48.0,7.857
1,LIB013,PEPSRMYVGFPMAC,False,72hr,72.0,3.803
2,LIB013,PEPSRMYVGFPMAC,False,pre-bleed,,0.965
2,LIB013,PEPSRMYVGFPMAC,False,5min,0.08333333333333333,81.75
2,LIB013,PEPSRMYVGFPMAC,False,20min,0.3333333333333333,55.822
2,LIB013,PEPSRMYVGFPMAC,False,30min,0.5,51.161
2,LIB013,PEPSRMYVGFPMAC,False,1hr,1.0,40.108
2,LIB013,PEPSRMYVGFPMAC,False,2hr,2.0,27.832
2,LIB013,PEPSRMYVGFPMAC,False,8hr,8.0,26.508
2,LIB013,PEPSRMYVGFPMAC,False,16hr,16.0,15.821
2,LIB013,PEPSRMYVGFPMAC,False,24hr,24.0,8.012
2,LIB013,PEPSRMYVGFPMAC,False,36hr,36.0,4.68
2,LIB013,PEPSRMYVGFPMAC,False,48hr,48.0,3.681
2,LIB013,PEPSRMYVGFPMAC,False,72hr,72.0,1.828
3,LIB013,PEPSRMYVGFPMAC,False,pre-bleed,,1.016
3,LIB013,PEPSRMYVGFPMAC,False,5min,0.08333333333333333,76.247
3,LIB013,PEPSRMYVGFPMAC,False,20min,0.3333333333333333,53.968
3,LIB013,PEPSRMYVGFPMAC,False,30min,0.5,52.907
3,LIB013,PEPSRMYVGFPMAC,False,1hr,1.0,44.19
3,LIB013,PEPSRMYVGFPMAC,False,2hr,2.0,31.956
3,LIB013,PEPSRMYVGFPMAC,False,8hr,8.0,20.205
3,LIB013,PEPSRMYVGFPMAC,False,16hr,16.0,16.323
3,LIB013,PEPSRMYVGFPMAC,False,24hr,24.0,13.335
3,LIB013,PEPSRMYVGFPMAC,False,36hr,36.0,8.96
3,LIB013,PEPSRMYVGFPMAC,False,48hr,48.0,6.092
3,LIB013,PEPSRMYVGFPMAC,False,72hr,72.0,3.178
1,LIB014,PEPSRMYVGFPLAC,False,pre-bleed,,1.174
1,LIB014,PEPSRMYVGFPLAC,False,5min,0.08333333333333333,73.395
1,LIB014,PEPSRMYVGFPLAC,False,20min,0.3333333333333333,66.435
1,LIB014,PEPSRMYVGFPLAC,False,30min,0.5,54.68
1,LIB014,PEPSRMYVGFPLAC,False,1hr,1.0,39.485
1,LIB014,PEPSRMYVGFPLAC,False,2hr,2.0,40.274
1,LIB014,PEPSRMYVGFPLAC,False,8hr,8.0,26.229
1,LIB014,PEPSRMYVGFPLAC,False,16hr,16.0,28.018
1,LIB014,PEPSRMYVGFPLAC,False,24hr,24.0,17.517
1,LIB014,PEPSRMYVGFPLAC,False,36hr,36.0,11.337
1,LIB014,PEPSRMYVGFPLAC,False,48hr,48.0,9.478
1,LIB014,PEPSRMYVGFPLAC,False,72hr,72.0,4.728
2,LIB014,PEPSRMYVGFPLAC,False,pre-bleed,,1.313
2,LIB014,PEPSRMYVGFPLAC,False,5min,0.08333333333333333,100.364
2,LIB014,PEPSRMYVGFPLAC,False,20min,0.3333333333333333,74.712
2,LIB014,PEPSRMYVGFPLAC,False,30min,0.5,54.329
2,LIB014,PEPSRMYVGFPLAC,False,1hr,1.0,46.138
2,LIB014,PEPSRMYVGFPLAC,False,2hr,2.0,23.341
2,LIB014,PEPSRMYVGFPLAC,False,8hr,8.0,22.685
2,LIB014,PEPSRMYVGFPLAC,False,16hr,16.0,14.724
2,LIB014,PEPSRMYVGFPLAC,False,24hr,24.0,12.183
2,LIB014,PEPSRMYVGFPLAC,False,36hr,36.0,6.789
2,LIB014,PEPSRMYVGFPLAC,False,48hr,48.0,4.604
2,LIB014,PEPSRMYVGFPLAC,False,72hr,72.0,2.737
3,LIB014,PEPSRMYVGFPLAC,False,pre-bleed,,1.259
3,LIB014,PEPSRMYVGFPLAC,False,5min,0.08333333333333333,91.806
3,LIB014,PEPSRMYVGFPLAC,False,20min,0.3333333333333333,71.011
3,LIB014,PEPSRMYVGFPLAC,False,30min,0.5,63.296
3,LIB014,PEPSRMYVGFPLAC,False,1hr,1.0,40.872
3,LIB014,PEPSRMYVGFPLAC,False,2hr,2.0,36.364
3,LIB014,PEPSRMYVGFPLAC,False,8hr,8.0,25.006
3,LIB014,PEPSRMYVGFPLAC,False,16hr,16.0,22.251
3,LIB014,PEPSRMYVGFPLAC,False,24hr,24.0,19.743
3,LIB014,PEPSRMYVGFPLAC,False,36hr,36.0,13.975
3,LIB014,PEPSRMYVGFPLAC,False,48hr,48.0,9.45
3,LIB014,PEPSRMYVGFPLAC,False,72hr,72.0,5.514
1,LIB015,PEPSRMYVGFPIAC,False,pre-bleed,,1.242
1,LIB015,PEPSRMYVGFPIAC,False,5min,0.08333333333333333,67.131
1,LIB015,PEPSRMYVGFPIAC,False,20min,0.3333333333333333,71.271
1,LIB015,PEPSRMYVGFPIAC,False,30min,0.5,38.832
1,LIB015,PEPSRMYVGFPIAC,False,1hr,1.0,35.62
1,LIB015,PEPSRMYVGFPIAC,False,2hr,2.0,37.852
1,LIB015,PEPSRMYVGFPIAC,False,8hr,8.0,31.176
1,LIB015,PEPSRMYVGFPIAC,False,16hr,16.0,20.639
1,LIB015,PEPSRMYVGFPIAC,False,24hr,24.0,17.178
1,LIB015,PEPSRMYVGFPIAC,False,36hr,36.0,15.167
1,LIB015,PEPSRMYVGFPIAC,False,48hr,48.0,9.007
1,LIB015,PEPSRMYVGFPIAC,False,72hr,72.0,6.263
2,LIB015,PEPSRMYVGFPIAC,False,pre-bleed,,1.093
2,LIB015,PEPSRMYVGFPIAC,False,5min,0.08333333333333333,86.876
2,LIB015,PEPSRMYVGFPIAC,False,20min,0.3333333333333333,62.647
2,LIB015,PEPSRMYVGFPIAC,False,30min,0.5,42.647
2,LIB015,PEPSRMYVGFPIAC,False,1hr,1.0,37.875
2,LIB015,PEPSRMYVGFPIAC,False,2hr,2.0,29.735
2,LIB015,PEPSRMYVGFPIAC,False,8hr,8.0,29.178
2,LIB015,PEPSRMYVGFPIAC,False,16hr,16.0,17.753
2,LIB015,PEPSRMYVGFPIAC,False,24hr,24.0,11.973
2,LIB015,PEPSRMYVGFPIAC,False,36hr,36.0,7.509
2,LIB015,PEPSRMYVGFPIAC,False,48hr,48.0,5.0
2,LIB015,PEPSRMYVGFPIAC,False,72hr,72.0,2.546
3,LIB015,PEPSRMYVGFPIAC,False,pre-bleed,,0.947
3,LIB015,PEPSRMYVGFPIAC,False,5min,0.08333333333333333,82.599
3,LIB015,PEPSRMYVGFPIAC,False,20min,0.3333333333333333,55.528
3,LIB015,PEPSRMYVGFPIAC,False,30min,0.5,37.327
3,LIB015,PEPSRMYVGFPIAC,False,1hr,1.0,35.352
3,LIB015,PEPSRMYVGFPIAC,False,2hr,2.0,34.023
3,LIB015,PEPSRMYVGFPIAC,False,8hr,8.0,26.983
3,LIB015,PEPSRMYVGFPIAC,False,16hr,16.0,21.59
3,LIB015,PEPSRMYVGFPIAC,False,24hr,24.0,13.626
3,LIB015,PEPSRMYVGFPIAC,False,36hr,36.0,11.382
3,LIB015,PEPSRMYVGFPIAC,False,48hr,48.0,7.571
3,LIB015,PEPSRMYVGFPIAC,False,72hr,72.0,4.015
1,LIB016,PEPSRMYFGFPDAC,False,pre-bleed,,1.76
1,LIB016,PEPSRMYFGFPDAC,False,5min,0.08333333333333333,100.6
1,LIB016,PEPSRMYFGFPDAC,False,20min,0.3333333333333333,77.78
1,LIB016,PEPSRMYFGFPDAC,False,30min,0.5,61.659
1,LIB016,PEPSRMYFGFPDAC,False,1hr,1.0,45.186
1,LIB016,PEPSRMYFGFPDAC,False,2hr,2.0,39.341
1,LIB016,PEPSRMYFGFPDAC,False,8hr,8.0,25.403
1,LIB016,PEPSRMYFGFPDAC,False,16hr,16.0,15.688
1,LIB016,PEPSRMYFGFPDAC,False,24hr,24.0,10.935
1,LIB016,PEPSRMYFGFPDAC,False,36hr,36.0,7.001
1,LIB016,PEPSRMYFGFPDAC,False,48hr,48.0,4.244
1,LIB016,PEPSRMYFGFPDAC,False,72hr,72.0,2.442
2,LIB016,PEPSRMYFGFPDAC,False,pre-bleed,,1.292
2,LIB016,PEPSRMYFGFPDAC,False,5min,0.08333333333333333,116.088
2,LIB016,PEPSRMYFGFPDAC,False,20min,0.3333333333333333,58.254
2,LIB016,PEPSRMYFGFPDAC,False,30min,0.5,40.492
2,LIB016,PEPSRMYFGFPDAC,False,1hr,1.0,33.376
2,LIB016,PEPSRMYFGFPDAC,False,2hr,2.0,28.569
2,LIB016,PEPSRMYFGFPDAC,False,8hr,8.0,22.124
2,LIB016,PEPSRMYFGFPDAC,False,16hr,16.0,12.332
2,LIB016,PEPSRMYFGFPDAC,False,24hr,24.0,7.453
2,LIB016,PEPSRMYFGFPDAC,False,36hr,36.0,4.396
2,LIB016,PEPSRMYFGFPDAC,False,48hr,48.0,2.67
2,LIB016,PEPSRMYFGFPDAC,False,72hr,72.0,1.743
3,LIB016,PEPSRMYFGFPDAC,False,pre-bleed,,1.003
3,LIB016,PEPSRMYFGFPDAC,False,5min,0.08333333333333333,92.182
3,LIB016,PEPSRMYFGFPDAC,False,20min,0.3333333333333333,65.952
3,LIB016,PEPSRMYFGFPDAC,False,30min,0.5,62.646
3,LIB016,PEPSRMYFGFPDAC,False,1hr,1.0,47.219
3,LIB016,PEPSRMYFGFPDAC,False,2hr,2.0,35.871
3,LIB016,PEPSRMYFGFPDAC,False,8hr,8.0,25.888
3,LIB016,PEPSRMYFGFPDAC,False,16hr,16.0,21.037
3,LIB016,PEPSRMYFGFPDAC,False,24hr,24.0,13.953
3,LIB016,PEPSRMYFGFPDAC,False,36hr,36.0,9.491
3,LIB016,PEPSRMYFGFPDAC,False,48hr,48.0,6.894
3,LIB016,PEPSRMYFGFPDAC,False,72hr,72.0,3.095
1,LIB017,PEPSRMYFGFPEAC,False,pre-bleed,,1.653
1,LIB017,PEPSRMYFGFPEAC,False,5min,0.08333333333333333,95.869
1,LIB017,PEPSRMYFGFPEAC,False,20min,0.3333333333333333,62.754
1,LIB017,PEPSRMYFGFPEAC,False,30min,0.5,52.557
1,LIB017,PEPSRMYFGFPEAC,False,1hr,1.0,40.439
1,LIB017,PEPSRMYFGFPEAC,False,2hr,2.0,38.416
1,LIB017,PEPSRMYFGFPEAC,False,8hr,8.0,25.397
1,LIB017,PEPSRMYFGFPEAC,False,16hr,16.0,21.511
1,LIB017,PEPSRMYFGFPEAC,False,24hr,24.0,13.326
1,LIB017,PEPSRMYFGFPEAC,False,36hr,36.0,9.541
1,LIB017,PEPSRMYFGFPEAC,False,48hr,48.0,6.534
1,LIB017,PEPSRMYFGFPEAC,False,72hr,72.0,3.893
2,LIB017,PEPSRMYFGFPEAC,False,pre-bleed,,1.392
2,LIB017,PEPSRMYFGFPEAC,False,5min,0.08333333333333333,86.344
2,LIB017,PEPSRMYFGFPEAC,False,20min,0.3333333333333333,57.755
2,LIB017,PEPSRMYFGFPEAC,False,30min,0.5,63.655
2,LIB017,PEPSRMYFGFPEAC,False,1hr,1.0,34.084
2,LIB017,PEPSRMYFGFPEAC,False,2hr,2.0,35.064
2,LIB017,PEPSRMYFGFPEAC,False,8hr,8.0,17.867
2,LIB017,PEPSRMYFGFPEAC,False,16hr,16.0,12.079
2,LIB017,PEPSRMYFGFPEAC,False,24hr,24.0,6.707
2,LIB017,PEPSRMYFGFPEAC,False,36hr,36.0,4.479
2,LIB017,PEPSRMYFGFPEAC,False,48hr,48.0,3.026
2,LIB017,PEPSRMYFGFPEAC,False,72hr,72.0,1.632
3,LIB017,PEPSRMYFGFPEAC,False,pre-bleed,,0.883
3,LIB017,PEPSRMYFGFPEAC,False,5min,0.08333333333333333,85.779
3,LIB017,PEPSRMYFGFPEAC,False,20min,0.3333333333333333,64.552
3,LIB017,PEPSRMYFGFPEAC,False,30min,0.5,63.611
3,LIB017,PEPSRMYFGFPEAC,False,1hr,1.0,33.895
3,LIB017,PEPSRMYFGFPEAC,False,2hr,2.0,38.189
3,LIB017,PEPSRMYFGFPEAC,False,8hr,8.0,25.836
3,LIB017,PEPSRMYFGFPEAC,False,16hr,16.0,17.651
3,LIB017,PEPSRMYFGFPEAC,False,24hr,24.0,13.474
3,LIB017,PEPSRMYFGFPEAC,False,36hr,36.0,8.025
3,LIB017,PEPSRMYFGFPEAC,False,48hr,48.0,5.151
3,LIB017,PEPSRMYFGFPEAC,False,72hr,72.0,2.356
1,LIB018,PEPSRMYFGFPMAC,False,pre-bleed,,1.085
1,LIB018,PEPSRMYFGFPMAC,False,5min,0.08333333333333333,74.74
1,LIB018,PEPSRMYFGFPMAC,False,20min,0.3333333333333333,53.375
1,LIB018,PEPSRMYFGFPMAC,False,30min,0.5,41.786
1,LIB018,PEPSRMYFGFPMAC,False,1hr,1.0,30.533
1,LIB018,PEPSRMYFGFPMAC,False,2hr,2.0,34.85
1,LIB018,PEPSRMYFGFPMAC,False,8hr,8.0,30.366
1,LIB018,PEPSRMYFGFPMAC,False,16hr,16.0,21.44
1,LIB018,PEPSRMYFGFPMAC,False,24hr,24.0,17.97
1,LIB018,PEPSRMYFGFPMAC,False,36hr,36.0,13.217
1,LIB018,PEPSRMYFGFPMAC,False,48hr,48.0,9.447
1,LIB018,PEPSRMYFGFPMAC,False,72hr,72.0,4.954
2,LIB018,PEPSRMYFGFPMAC,False,pre-bleed,,1.121
2,LIB018,PEPSRMYFGFPMAC,False,5min,0.08333333333333333,81.67
2,LIB018,PEPSRMYFGFPMAC,False,20min,0.3333333333333333,82.291
2,LIB018,PEPSRMYFGFPMAC,False,30min,0.5,64.464
2,LIB018,PEPSRMYFGFPMAC,False,1hr,1.0,53.209
2,LIB018,PEPSRMYFGFPMAC,False,2hr,2.0,34.166
2,LIB018,PEPSRMYFGFPMAC,False,8hr,8.0,23.48
2,LIB018,PEPSRMYFGFPMAC,False,16hr,16.0,20.124
2,LIB018,PEPSRMYFGFPMAC,False,24hr,24.0,15.848
2,LIB018,PEPSRMYFGFPMAC,False,36hr,36.0,10.356
2,LIB018,PEPSRMYFGFPMAC,False,48hr,48.0,8.036
2,LIB018,PEPSRMYFGFPMAC,False,72hr,72.0,3.392
3,LIB018,PEPSRMYFGFPMAC,False,pre-bleed,,1.106
3,LIB018,PEPSRMYFGFPMAC,False,5min,0.08333333333333333,85.638
3,LIB018,PEPSRMYFGFPMAC,False,20min,0.3333333333333333,57.965
3,LIB018,PEPSRMYFGFPMAC,False,30min,0.5,48.11
3,LIB018,PEPSRMYFGFPMAC,False,1hr,1.0,46.964
3,LIB018,PEPSRMYFGFPMAC,False,2hr,2.0,34.856
3,LIB018,PEPSRMYFGFPMAC,False,8hr,8.0,28.819
3,LIB018,PEPSRMYFGFPMAC,False,16hr,16.0,18.853
3,LIB018,PEPSRMYFGFPMAC,False,24hr,24.0,17.145
3,LIB018,PEPSRMYFGFPMAC,False,36hr,36.0,13.189
3,LIB018,PEPSRMYFGFPMAC,False,48hr,48.0,9.205
3,LIB018,PEPSRMYFGFPMAC,False,72hr,72.0,6.165
1,LIB019,PEPSRMYFGFPLAC,False,pre-bleed,,1.125
1,LIB019,PEPSRMYFGFPLAC,False,5min,0.08333333333333333,88.608
1,LIB019,PEPSRMYFGFPLAC,False,20min,0.3333333333333333,78.998
1,LIB019,PEPSRMYFGFPLAC,False,30min,0.5,43.008
1,LIB019,PEPSRMYFGFPLAC,False,1hr,1.0,33.159
1,LIB019,PEPSRMYFGFPLAC,False,2hr,2.0,32.727
1,LIB019,PEPSRMYFGFPLAC,False,8hr,8.0,29.784
1,LIB019,PEPSRMYFGFPLAC,False,16hr,16.0,26.743
1,LIB019,PEPSRMYFGFPLAC,False,24hr,24.0,21.824
1,LIB019,PEPSRMYFGFPLAC,False,36hr,36.0,15.281
1,LIB019,PEPSRMYFGFPLAC,False,48hr,48.0,13.63
1,LIB019,PEPSRMYFGFPLAC,False,72hr,72.0,8.238
2,LIB019,PEPSRMYFGFPLAC,False,pre-bleed,,1.157
2,LIB019,PEPSRMYFGFPLAC,False,5min,0.08333333333333333,92.097
2,LIB019,PEPSRMYFGFPLAC,False,20min,0.3333333333333333,65.777
2,LIB019,PEPSRMYFGFPLAC,False,30min,0.5,70.905
2,LIB019,PEPSRMYFGFPLAC,False,1hr,1.0,27.889
2,LIB019,PEPSRMYFGFPLAC,False,2hr,2.0,27.683
2,LIB019,PEPSRMYFGFPLAC,False,8hr,8.0,23.182
2,LIB019,PEPSRMYFGFPLAC,False,16hr,16.0,20.294
2,LIB019,PEPSRMYFGFPLAC,False,24hr,24.0,15.914
2,LIB019,PEPSRMYFGFPLAC,False,36hr,36.0,9.03
2,LIB019,PEPSRMYFGFPLAC,False,48hr,48.0,6.798
2,LIB019,PEPSRMYFGFPLAC,False,72hr,72.0,3.608
3,LIB019,PEPSRMYFGFPLAC,False,pre-bleed,,0.903
3,LIB019,PEPSRMYFGFPLAC,False,5min,0.08333333333333333,87.113
3,LIB019,PEPSRMYFGFPLAC,False,20min,0.3333333333333333,79.55
3,LIB019,PEPSRMYFGFPLAC,False,30min,0.5,61.735
3,LIB019,PEPSRMYFGFPLAC,False,1hr,1.0,50.575
3,LIB019,PEPSRMYFGFPLAC,False,2hr,2.0,35.333
3,LIB019,PEPSRMYFGFPLAC,False,8hr,8.0,33.105
3,LIB019,PEPSRMYFGFPLAC,False,16hr,16.0,30.685
3,LIB019,PEPSRMYFGFPLAC,False,24hr,24.0,26.38
3,LIB019,PEPSRMYFGFPLAC,False,36hr,36.0,20.453
3,LIB019,PEPSRMYFGFPLAC,False,48hr,48.0,13.191
3,LIB019,PEPSRMYFGFPLAC,False,72hr,72.0,10.061
1,LIB020,PEPSRMYFGFPIAC,False,pre-bleed,,0.904
1,LIB020,PEPSRMYFGFPIAC,False,5min,0.08333333333333333,86.437
1,LIB020,PEPSRMYFGFPIAC,False,20min,0.3333333333333333,63.97
1,LIB020,PEPSRMYFGFPIAC,False,30min,0.5,49.821
1,LIB020,PEPSRMYFGFPIAC,False,1hr,1.0,44.863
1,LIB020,PEPSRMYFGFPIAC,False,2hr,2.0,36.452
1,LIB020,PEPSRMYFGFPIAC,False,8hr,8.0,27.387
1,LIB020,PEPSRMYFGFPIAC,False,16hr,16.0,25.571
1,LIB020,PEPSRMYFGFPIAC,False,24hr,24.0,24.344
1,LIB020,PEPSRMYFGFPIAC,False,36hr,36.0,18.721
1,LIB020,PEPSRMYFGFPIAC,False,48hr,48.0,10.327
1,LIB020,PEPSRMYFGFPIAC,False,72hr,72.0,6.515
2,LIB020,PEPSRMYFGFPIAC,False,pre-bleed,,1.154
2,LIB020,PEPSRMYFGFPIAC,False,5min,0.08333333333333333,93.621
2,LIB020,PEPSRMYFGFPIAC,False,20min,0.3333333333333333,57.341
2,LIB020,PEPSRMYFGFPIAC,False,30min,0.5,47.818
2,LIB020,PEPSRMYFGFPIAC,False,1hr,1.0,37.104
2,LIB020,PEPSRMYFGFPIAC,False,2hr,2.0,32.952
2,LIB020,PEPSRMYFGFPIAC,False,8hr,8.0,45.499
2,LIB020,PEPSRMYFGFPIAC,False,16hr,16.0,25.95
2,LIB020,PEPSRMYFGFPIAC,False,24hr,24.0,22.398
2,LIB020,PEPSRMYFGFPIAC,False,36hr,36.0,12.72
2,LIB020,PEPSRMYFGFPIAC,False,48hr,48.0,9.472
2,LIB020,PEPSRMYFGFPIAC,False,72hr,72.0,4.697
3,LIB020,PEPSRMYFGFPIAC,False,pre-bleed,,0.695
3,LIB020,PEPSRMYFGFPIAC,False,5min,0.08333333333333333,77.065
3,LIB020,PEPSRMYFGFPIAC,False,20min,0.3333333333333333,43.655
3,LIB020,PEPSRMYFGFPIAC,False,30min,0.5,42.444
3,LIB020,PEPSRMYFGFPIAC,False,1hr,1.0,30.679
3,LIB020,PEPSRMYFGFPIAC,False,2hr,2.0,29.825
3,LIB020,PEPSRMYFGFPIAC,False,8hr,8.0,22.04
3,LIB020,PEPSRMYFGFPIAC,False,16hr,16.0,22.063
3,LIB020,PEPSRMYFGFPIAC,False,24hr,24.0,19.34
3,LIB020,PEPSRMYFGFPIAC,False,36hr,36.0,13.381
3,LIB020,PEPSRMYFGFPIAC,False,48hr,48.0,12.053
3,LIB020,PEPSRMYFGFPIAC,False,72hr,72.0,7.772
1,LIB021,PEPSRMYWGFPDAC,False,pre-bleed,,1.341
1,LIB021,PEPSRMYWGFPDAC,False,5min,0.08333333333333333,74.648
1,LIB021,PEPSRMYWGFPDAC,False,20min,0.3333333333333333,54.705
1,LIB021,PEPSRMYWGFPDAC,False,30min,0.5,48.671
1,LIB021,PEPSRMYWGFPDAC,False,1hr,1.0,38.365
1,LIB021,PEPSRMYWGFPDAC,False,2hr,2.0,38.913
1,LIB021,PEPSRMYWGFPDAC,False,8hr,8.0,31.626
1,LIB021,PEPSRMYWGFPDAC,False,16hr,16.0,19.675
1,LIB021,PEPSRMYWGFPDAC,False,24hr,24.0,20.851
1,LIB021,PEPSRMYWGFPDAC,False,36hr,36.0,11.865
1,LIB021,PEPSRMYWGFPDAC,False,48hr,48.0,10.078
1,LIB021,PEPSRMYWGFPDAC,False,72hr,72.0,5.085
2,LIB021,PEPSRMYWGFPDAC,False,pre-bleed,,1.153
2,LIB021,PEPSRMYWGFPDAC,False,5min,0.08333333333333333,102.701
2,LIB021,PEPSRMYWGFPDAC,False,20min,0.3333333333333333,45.201
2,LIB021,PEPSRMYWGFPDAC,False,30min,0.5,45.134
2,LIB021,PEPSRMYWGFPDAC,False,1hr,1.0,30.739
2,LIB021,PEPSRMYWGFPDAC,False,2hr,2.0,28.738
2,LIB021,PEPSRMYWGFPDAC,False,8hr,8.0,27.231
2,LIB021,PEPSRMYWGFPDAC,False,16hr,16.0,16.632
2,LIB021,PEPSRMYWGFPDAC,False,24hr,24.0,15.305
2,LIB021,PEPSRMYWGFPDAC,False,36hr,36.0,6.574
2,LIB021,PEPSRMYWGFPDAC,False,48hr,48.0,5.01
2,LIB021,PEPSRMYWGFPDAC,False,72hr,72.0,2.093
3,LIB021,PEPSRMYWGFPDAC,False,pre-bleed,,1.093
3,LIB021,PEPSRMYWGFPDAC,False,5min,0.08333333333333333,99.364
3,LIB021,PEPSRMYWGFPDAC,False,20min,0.3333333333333333,68.379
3,LIB021,PEPSRMYWGFPDAC,False,30min,0.5,57.016
3,LIB021,PEPSRMYWGFPDAC,False,1hr,1.0,48.259
3,LIB021,PEPSRMYWGFPDAC,False,2hr,2.0,42.504
3,LIB021,PEPSRMYWGFPDAC,False,8hr,8.0,28.603
3,LIB021,PEPSRMYWGFPDAC,False,16hr,16.0,24.082
3,LIB021,PEPSRMYWGFPDAC,False,24hr,24.0,16.887
3,LIB021,PEPSRMYWGFPDAC,False,36hr,36.0,12.548
3,LIB021,PEPSRMYWGFPDAC,False,48hr,48.0,8.317
3,LIB021,PEPSRMYWGFPDAC,False,72hr,72.0,5.345
1,LIB022,PEPSRMYWGFPEAC,False,pre-bleed,,0.651
1,LIB022,PEPSRMYWGFPEAC,False,5min,0.08333333333333333,97.795
1,LIB022,PEPSRMYWGFPEAC,False,20min,0.3333333333333333,62.546
1,LIB022,PEPSRMYWGFPEAC,False,30min,0.5,53.61
1,LIB022,PEPSRMYWGFPEAC,False,1hr,1.0,33.985
1,LIB022,PEPSRMYWGFPEAC,False,2hr,2.0,34.42
1,LIB022,PEPSRMYWGFPEAC,False,8hr,8.0,34.357
1,LIB022,PEPSRMYWGFPEAC,False,16hr,16.0,22.572
1,LIB022,PEPSRMYWGFPEAC,False,24hr,24.0,15.798
1,LIB022,PEPSRMYWGFPEAC,False,36hr,36.0,9.755
1,LIB022,PEPSRMYWGFPEAC,False,48hr,48.0,6.565
1,LIB022,PEPSRMYWGFPEAC,False,72hr,72.0,2.778
2,LIB022,PEPSRMYWGFPEAC,False,pre-bleed,,0.928
2,LIB022,PEPSRMYWGFPEAC,False,5min,0.08333333333333333,77.566
2,LIB022,PEPSRMYWGFPEAC,False,20min,0.3333333333333333,66.251
2,LIB022,PEPSRMYWGFPEAC,False,30min,0.5,39.687
2,LIB022,PEPSRMYWGFPEAC,False,1hr,1.0,45.268
2,LIB022,PEPSRMYWGFPEAC,False,2hr,2.0,38.605
2,LIB022,PEPSRMYWGFPEAC,False,8hr,8.0,24.875
2,LIB022,PEPSRMYWGFPEAC,False,16hr,16.0,12.505
2,LIB022,PEPSRMYWGFPEAC,False,24hr,24.0,11.215
2,LIB022,PEPSRMYWGFPEAC,False,36hr,36.0,9.553
2,LIB022,PEPSRMYWGFPEAC,False,48hr,48.0,3.617
2,LIB022,PEPSRMYWGFPEAC,False,72hr,72.0,2.359
3,LIB022,PEPSRMYWGFPEAC,False,pre-bleed,,1.41
3,LIB022,PEPSRMYWGFPEAC,False,5min,0.08333333333333333,99.283
3,LIB022,PEPSRMYWGFPEAC,False,20min,0.3333333333333333,57.306
3,LIB022,PEPSRMYWGFPEAC,False,30min,0.5,51.829
3,LIB022,PEPSRMYWGFPEAC,False,1hr,1.0,31.496
3,LIB022,PEPSRMYWGFPEAC,False,2hr,2.0,35.794
3,LIB022,PEPSRMYWGFPEAC,False,8hr,8.0,23.749
3,LIB022,PEPSRMYWGFPEAC,False,16hr,16.0,19.03
3,LIB022,PEPSRMYWGFPEAC,False,24hr,24.0,15.852
3,LIB022,PEPSRMYWGFPEAC,False,36hr,36.0,9.59
3,LIB022,PEPSRMYWGFPEAC,False,48hr,48.0,8.19
3,LIB022,PEPSRMYWGFPEAC,False,72hr,72.0,4.747
1,LIB023,PEPSRMYWGFPMAC,False,pre-bleed,,0.852
1,LIB023,PEPSRMYWGFPMAC,False,5min,0.08333333333333333,75.991
1,LIB023,PEPSRMYWGFPMAC,False,20min,0.3333333333333333,61.69
1,LIB023,PEPSRMYWGFPMAC,False,30min,0.5,48.364
1,LIB023,PEPSRMYWGFPMAC,False,1hr,1.0,39.567
1,LIB023,PEPSRMYWGFPMAC,False,2hr,2.0,43.564
1,LIB023,PEPSRMYWGFPMAC,False,8hr,8.0,33.007
1,LIB023,PEPSRMYWGFPMAC,False,16hr,16.0,28.614
1,LIB023,PEPSRMYWGFPMAC,False,24hr,24.0,30.398
1,LIB023,PEPSRMYWGFPMAC,False,36hr,36.0,17.419
1,LIB023,PEPSRMYWGFPMAC,False,48hr,48.0,12.948
1,LIB023,PEPSRMYWGFPMAC,False,72hr,72.0,9.291
2,LIB023,PEPSRMYWGFPMAC,False,pre-bleed,,1.501
2,LIB023,PEPSRMYWGFPMAC,False,5min,0.08333333333333333,79.756
2,LIB023,PEPSRMYWGFPMAC,False,20min,0.3333333333333333,71.715
2,LIB023,PEPSRMYWGFPMAC,False,30min,0.5,51.03
2,LIB023,PEPSRMYWGFPMAC,False,1hr,1.0,38.288
2,LIB023,PEPSRMYWGFPMAC,False,2hr,2.0,39.087
2,LIB023,PEPSRMYWGFPMAC,False,8hr,8.0,24.533
2,LIB023,PEPSRMYWGFPMAC,False,16hr,16.0,25.383
2,LIB023,PEPSRMYWGFPMAC,False,24hr,24.0,25.92
2,LIB023,PEPSRMYWGFPMAC,False,36hr,36.0,14.957
2,LIB023,PEPSRMYWGFPMAC,False,48hr,48.0,9.688
2,LIB023,PEPSRMYWGFPMAC,False,72hr,72.0,5.41
3,LIB023,PEPSRMYWGFPMAC,False,pre-bleed,,0.894
3,LIB023,PEPSRMYWGFPMAC,False,5min,0.08333333333333333,92.902
3,LIB023,PEPSRMYWGFPMAC,False,20min,0.3333333333333333,56.341
3,LIB023,PEPSRMYWGFPMAC,False,30min,0.5,51.59
3,LIB023,PEPSRMYWGFPMAC,False,1hr,1.0,33.414
3,LIB023,PEPSRMYWGFPMAC,False,2hr,2.0,39.135
3,LIB023,PEPSRMYWGFPMAC,False,8hr,8.0,34.17
3,LIB023,PEPSRMYWGFPMAC,False,16hr,16.0,28.22
3,LIB023,PEPSRMYWGFPMAC,False,24hr,24.0,18.471
3,LIB023,PEPSRMYWGFPMAC,False,36hr,36.0,18.752
3,LIB023,PEPSRMYWGFPMAC,False,48hr,48.0,14.225
3,LIB023,PEPSRMYWGFPMAC,False,72hr,72.0,7.476
1,LIB024,PEPSRMYWGFPLAC,False,pre-bleed,,1.516
1,LIB024,PEPSRMYWGFPLAC,False,5min,0.08333333333333333,104.289
1,LIB024,PEPSRMYWGFPLAC,False,20min,0.3333333333333333,72.439
1,LIB024,PEPSRMYWGFPLAC,False,30min,0.5,39.079
1,LIB024,PEPSRMYWGFPLAC,False,1hr,1.0,39.006
1,LIB024,PEPSRMYWGFPLAC,False,2hr,2.0,34.666
1,LIB024,PEPSRMYWGFPLAC,False,8hr,8.0,25.666
1,LIB024,PEPSRMYWGFPLAC,False,16hr,16.0,26.688
1,LIB024,PEPSRMYWGFPLAC,False,24hr,24.0,25.771
1,LIB024,PEPSRMYWGFPLAC,False,36hr,36.0,15.961
1,LIB024,PEPSRMYWGFPLAC,False,48hr,48.0,14.704
1,LIB024,PEPSRMYWGFPLAC,False,72hr,72.0,8.401
2,LIB024,PEPSRMYWGFPLAC,False,pre-bleed,,1.144
2,LIB024,PEPSRMYWGFPLAC,False,5min,0.08333333333333333,115.926
2,LIB024,PEPSRMYWGFPLAC,False,20min,0.3333333333333333,69.944
2,LIB024,PEPSRMYWGFPLAC,False,30min,0.5,52.643
2,LIB024,PEPSRMYWGFPLAC,False,1hr,1.0,44.11
2,LIB024,PEPSRMYWGFPLAC,False,2hr,2.0,26.845
2,LIB024,PEPSRMYWGFPLAC,False,8hr,8.0,33.626
2,LIB024,PEPSRMYWGFPLAC,False,16hr,16.0,21.465
2,LIB024,PEPSRMYWGFPLAC,False,24hr,24.0,17.739
2,LIB024,PEPSRMYWGFPLAC,False,36hr,36.0,12.527
2,LIB024,PEPSRMYWGFPLAC,False,48hr,48.0,9.239
2,LIB024,PEPSRMYWGFPLAC,False,72hr,72.0,6.348
3,LIB024,PEPSRMYWGFPLAC,False,pre-bleed,,1.433
3,LIB024,PEPSRMYWGFPLAC,False,5min,0.08333333333333333,116.711
3,LIB024,PEPSRMYWGFPLAC,False,20min,0.3333333333333333,55.277
3,LIB024,PEPSRMYWGFPLAC,False,30min,0.5,64.124
3,LIB024,PEPSRMYWGFPLAC,False,1hr,1.0,48.693
3,LIB024,PEPSRMYWGFPLAC,False,2hr,2.0,33.077
3,LIB024,PEPSRMYWGFPLAC,False,8hr,8.0,40.692
3,LIB024,PEPSRMYWGFPLAC,False,16hr,16.0,30.532
3,LIB024,PEPSRMYWGFPLAC,False,24hr,24.0,26.164
3,LIB024,PEPSRMYWGFPLAC,False,36hr,36.0,18.93
3,LIB024,PEPSRMYWGFPLAC,False,48hr,48.0,14.832
3,LIB024,PEPSRMYWGFPLAC,False,72hr,72.0,9.756
1,LIB025,PEPSRMYWGFPIAC,False,pre-bleed,,1.429
1,LIB025,PEPSRMYWGFPIAC,False,5min,0.08333333333333333,102.871
1,LIB025,PEPSRMYWGFPIAC,False,20min,0.3333333333333333,73.814
1,LIB025,PEPSRMYWGFPIAC,False,30min,0.5,63.657
1,LIB025,PEPSRMYWGFPIAC,False,1hr,1.0,42.33
1,LIB025,PEPSRMYWGFPIAC,False,2hr,2.0,33.141
1,LIB025,PEPSRMYWGFPIAC,False,8hr,8.0,29.189
1,LIB025,PEPSRMYWGFPIAC,False,16hr,16.0,23.118
1,LIB025,PEPSRMYWGFPIAC,False,24hr,24.0,24.332
1,LIB025,PEPSRMYWGFPIAC,False,36hr,36.0,18.811
1,LIB025,PEPSRMYWGFPIAC,False,48hr,48.0,14.556
1,LIB025,PEPSRMYWGFPIAC,False,72hr,72.0,7.482
2,LIB025,PEPSRMYWGFPIAC,False,pre-bleed,,1.241
2,LIB025,PEPSRMYWGFPIAC,False,5min,0.08333333333333333,102.453
2,LIB025,PEPSRMYWGFPIAC,False,20min,0.3333333333333333,58.11
2,LIB025,PEPSRMYWGFPIAC,False,30min,0.5,53.086
2,LIB025,PEPSRMYWGFPIAC,False,1hr,1.0,54.774
2,LIB025,PEPSRMYWGFPIAC,False,2hr,2.0,40.554
2,LIB025,PEPSRMYWGFPIAC,False,8hr,8.0,25.595
2,LIB025,PEPSRMYWGFPIAC,False,16hr,16.0,19.973
2,LIB025,PEPSRMYWGFPIAC,False,24hr,24.0,17.022
2,LIB025,PEPSRMYWGFPIAC,False,36hr,36.0,14.345
2,LIB025,PEPSRMYWGFPIAC,False,48hr,48.0,9.867
2,LIB025,PEPSRMYWGFPIAC,False,72hr,72.0,5.653
3,LIB025,PEPSRMYWGFPIAC,False,pre-bleed,,1.919
3,LIB025,PEPSRMYWGFPIAC,False,5min,0.08333333333333333,101.883
3,LIB025,PEPSRMYWGFPIAC,False,20min,0.3333333333333333,76.345
3,LIB025,PEPSRMYWGFPIAC,False,30min,0.5,53.373
3,LIB025,PEPSRMYWGFPIAC,False,1hr,1.0,40.061
3,LIB025,PEPSRMYWGFPIAC,False,2hr,2.0,41.052
3,LIB025,PEPSRMYWGFPIAC,False,8hr,8.0,37.738
3,LIB025,PEPSRMYWGFPIAC,False,16hr,16.0,28.476
3,LIB025,PEPSRMYWGFPIAC,False,24hr,24.0,20.736
3,LIB025,PEPSRMYWGFPIAC,False,36hr,36.0,15.893
3,LIB025,PEPSRMYWGFPIAC,False,48hr,48.0,12.277
3,LIB025,PEPSRMYWGFPIAC,False,72hr,72.0,7.396
1,LIB026,PEPNRMYGGFPDAC,False,pre-bleed,,0.741
1,LIB026,PEPNRMYGGFPDAC,False,5min,0.08333333333333333,85.394
1,LIB026,PEPNRMYGGFPDAC,False,20min,0.3333333333333333,70.111
1,LIB026,PEPNRMYGGFPDAC,False,30min,0.5,35.474
1,LIB026,PEPNRMYGGFPDAC,False,1hr,1.0,18.348
1,LIB026,PEPNRMYGGFPDAC,False,2hr,2.0,6.539
1,LIB026,PEPNRMYGGFPDAC,False,8hr,8.0,0.77
1,LIB026,PEPNRMYGGFPDAC,False,16hr,16.0,0.762
1,LIB026,PEPNRMYGGFPDAC,False,24hr,24.0,0.762
1,LIB026,PEPNRMYGGFPDAC,False,36hr,36.0,0.762
1,LIB026,PEPNRMYGGFPDAC,False,48hr,48.0,0.762
1,LIB026,PEPNRMYGGFPDAC,False,72hr,72.0,0.762
2,LIB026,PEPNRMYGGFPDAC,False,pre-bleed,,1.002
2,LIB026,PEPNRMYGGFPDAC,False,5min,0.08333333333333333,85.365
2,LIB026,PEPNRMYGGFPDAC,False,20min,0.3333333333333333,40.274
2,LIB026,PEPNRMYGGFPDAC,False,30min,0.5,25.216
2,LIB026,PEPNRMYGGFPDAC,False,1hr,1.0,10.277
2,LIB026,PEPNRMYGGFPDAC,False,2hr,2.0,2.478
2,LIB026,PEPNRMYGGFPDAC,False,8hr,8.0,1.099
2,LIB026,PEPNRMYGGFPDAC,False,16hr,16.0,1.099
2,LIB026,PEPNRMYGGFPDAC,False,24hr,24.0,1.099
2,LIB026,PEPNRMYGGFPDAC,False,36hr,36.0,1.099
2,LIB026,PEPNRMYGGFPDAC,False,48hr,48.0,1.099
2,LIB026,PEPNRMYGGFPDAC,False,72hr,72.0,1.099
3,LIB026,PEPNRMYGGFPDAC,False,pre-bleed,,0.841
3,LIB026,PEPNRMYGGFPDAC,False,5min,0.08333333333333333,93.886
3,LIB026,PEPNRMYGGFPDAC,False,20min,0.3333333333333333,72.817
3,LIB026,PEPNRMYGGFPDAC,False,30min,0.5,43.935
3,LIB026,PEPNRMYGGFPDAC,False,1hr,1.0,19.982
3,LIB026,PEPNRMYGGFPDAC,False,2hr,2.0,6.573
3,LIB026,PEPNRMYGGFPDAC,False,8hr,8.0,1.163
3,LIB026,PEPNRMYGGFPDAC,False,16hr,16.0,1.153
3,LIB026,PEPNRMYGGFPDAC,False,24hr,24.0,1.153
3,LIB026,PEPNRMYGGFPDAC,False,36hr,36.0,1.153
3,LIB026,PEPNRMYGGFPDAC,False,48hr,48.0,1.153
3,LIB026,PEPNRMYGGFPDAC,False,72hr,72.0,1.153
1,LIB027,PEPNRMYGGFPEAC,False,pre-bleed,,0.816
1,LIB027,PEPNRMYGGFPEAC,False,5min,0.08333333333333333,77.508
1,LIB027,PEPNRMYGGFPEAC,False,20min,0.3333333333333333,45.055
1,LIB027,PEPNRMYGGFPEAC,False,30min,0.5,41.89
1,LIB027,PEPNRMYGGFPEAC,False,1hr,1.0,28.124
1,LIB027,PEPNRMYGGFPEAC,False,2hr,2.0,15.643
1,LIB027,PEPNRMYGGFPEAC,False,8hr,8.0,1.864
1,LIB027,PEPNRMYGGFPEAC,False,16hr,16.0,0.898
1,LIB027,PEPNRMYGGFPEAC,False,24hr,24.0,0.847
1,LIB027,PEPNRMYGGFPEAC,False,36hr,36.0,0.845
1,LIB027,PEPNRMYGGFPEAC,False,48hr,48.0,0.845
1,LIB027,PEPNRMYGGFPEAC,False,72hr,72.0,0.845
2,LIB027,PEPNRMYGGFPEAC,False,pre-bleed,,0.862
2,LIB027,PEPNRMYGGFPEAC,False,5min,0.08333333333333333,124.131
2,LIB027,PEPNRMYGGFPEAC,False,20min,0.3333333333333333,56.249
2,LIB027,PEPNRMYGGFPEAC,False,30min,0.5,51.06
2,LIB027,PEPNRMYGGFPEAC,False,1hr,1.0,25.341
2,LIB027,PEPNRMYGGFPEAC,False,2hr,2.0,11.325
2,LIB027,PEPNRMYGGFPEAC,False,8hr,8.0,1.211
2,LIB027,PEPNRMYGGFPEAC,False,16hr,16.0,0.992
2,LIB027,PEPNRMYGGFPEAC,False,24hr,24.0,0.991
2,LIB027,PEPNRMYGGFPEAC,False,36hr,36.0,0.991
2,LIB027,PEPNRMYGGFPEAC,False,48hr,48.0,0.991
2,LIB027,PEPNRMYGGFPEAC,False,72hr,72.0,0.991
3,LIB027,PEPNRMYGGFPEAC,False,pre-bleed,,0.983
3,LIB027,PEPNRMYGGFPEAC,False,5min,0.08333333333333333,69.477
3,LIB027,PEPNRMYGGFPEAC,False,20min,0.3333333333333333,44.02
3,LIB027,PEPNRMYGGFPEAC,False,30min,0.5,41.065
3,LIB027,PEPNRMYGGFPEAC,False,1hr,1.0,25.704
3,LIB027,PEPNRMYGGFPEAC,False,2hr,2.0,14.011
3,LIB027,PEPNRMYGGFPEAC,False,8hr,8.0,2.134
3,LIB027,PEPNRMYGGFPEAC,False,16hr,16.0,1.24
3,LIB027,PEPNRMYGGFPEAC,False,24hr,24.0,1.21
3,LIB027,PEPNRMYGGFPEAC,False,36hr,36.0,1.209
3,LIB027,PEPNRMYGGFPEAC,False,48hr,48.0,1.209
3,LIB027,PEPNRMYGGFPEAC,False,72hr,72.0,1.209
1,LIB028,PEPNRMYGGFPMAC,False,pre-bleed,,0.834
1,LIB028,PEPNRMYGGFPMAC,False,5min,0.08333333333333333,77.531
1,LIB028,PEPNRMYGGFPMAC,False,20min,0.3333333333333333,58.022
1,LIB028,PEPNRMYGGFPMAC,False,30min,0.5,46.77
1,LIB028,PEPNRMYGGFPMAC,False,1hr,1.0,29.436
1,LIB028,PEPNRMYGGFPMAC,False,2hr,2.0,25.269
1,LIB028,PEPNRMYGGFPMAC,False,8hr,8.0,19.925
1,LIB028,PEPNRMYGGFPMAC,False,16hr,16.0,13.651
1,LIB028,PEPNRMYGGFPMAC,False,24hr,24.0,6.153
1,LIB028,PEPNRMYGGFPMAC,False,36hr,36.0,4.133
1,LIB028,PEPNRMYGGFPMAC,False,48hr,48.0,2.518
1,LIB028,PEPNRMYGGFPMAC,False,72hr,72.0,1.143
2,LIB028,PEPNRMYGGFPMAC,False,pre-bleed,,0.582
2,LIB028,PEPNRMYGGFPMAC,False,5min,0.08333333333333333,104.37
2,LIB028,PEPNRMYGGFPMAC,False,20min,0.3333333333333333,51.334
2,LIB028,PEPNRMYGGFPMAC,False,30min,0.5,46.47
2,LIB028,PEPNRMYGGFPMAC,False,1hr,1.0,29.828
2,LIB028,PEPNRMYGGFPMAC,False,2hr,2.0,25.247
2,LIB028,PEPNRMYGGFPMAC,False,8hr,8.0,18.535
2,LIB028,PEPNRMYGGFPMAC,False,16hr,16.0,8.883
2,LIB028,PEPNRMYGGFPMAC,False,24hr,24.0,5.654
2,LIB028,PEPNRMYGGFPMAC,False,36hr,36.0,2.548
2,LIB028,PEPNRMYGGFPMAC,False,48hr,48.0,1.42
2,LIB028,PEPNRMYGGFPMAC,False,72hr,72.0,0.899
3,LIB028,PEPNRMYGGFPMAC,False,pre-bleed,,1.511
3,LIB028,PEPNRMYGGFPMAC,False,5min,0.08333333333333333,81.791
3,LIB028,PEPNRMYGGFPMAC,False,20min,0.3333333333333333,61.722
3,LIB028,PEPNRMYGGFPMAC,False,30min,0.5,61.909
3,LIB028,PEPNRMYGGFPMAC,False,1hr,1.0,43.307
3,LIB028,PEPNRMYGGFPMAC,False,2hr,2.0,37.081
3,LIB028,PEPNRMYGGFPMAC,False,8hr,8.0,25.035
3,LIB028,PEPNRMYGGFPMAC,False,16hr,16.0,15.686
3,LIB028,PEPNRMYGGFPMAC,False,24hr,24.0,10.885
3,LIB028,PEPNRMYGGFPMAC,False,36hr,36.0,5.658
3,LIB028,PEPNRMYGGFPMAC,False,48hr,48.0,3.445
3,LIB028,PEPNRMYGGFPMAC,False,72hr,72.0,1.776
1,LIB029,PEPNRMYGGFPLAC,False,pre-bleed,,1.074
1,LIB029,PEPNRMYGGFPLAC,False,5min,0.08333333333333333,76.83
1,LIB029,PEPNRMYGGFPLAC,False,20min,0.3333333333333333,63.692
1,LIB029,PEPNRMYGGFPLAC,False,30min,0.5,50.575
1,LIB029,PEPNRMYGGFPLAC,False,1hr,1.0,40.284
1,LIB029,PEPNRMYGGFPLAC,False,2hr,2.0,35.127
1,LIB029,PEPNRMYGGFPLAC,False,8hr,8.0,22.303
1,LIB029,PEPNRMYGGFPLAC,False,16hr,16.0,15.912
1,LIB029,PEPNRMYGGFPLAC,False,24hr,24.0,7.339
1,LIB029,PEPNRMYGGFPLAC,False,36hr,36.0,5.944
1,LIB029,PEPNRMYGGFPLAC,False,48hr,48.0,3.162
1,LIB029,PEPNRMYGGFPLAC,False,72hr,72.0,1.6
2,LIB029,PEPNRMYGGFPLAC,False,pre-bleed,,1.391
2,LIB029,PEPNRMYGGFPLAC,False,5min,0.08333333333333333,92.688
2,LIB029,PEPNRMYGGFPLAC,False,20min,0.3333333333333333,39.478
2,LIB029,PEPNRMYGGFPLAC,False,30min,0.5,51.148
2,LIB029,PEPNRMYGGFPLAC,False,1hr,1.0,33.309
2,LIB029,PEPNRMYGGFPLAC,False,2hr,2.0,28.132
2,LIB029,PEPNRMYGGFPLAC,False,8hr,8.0,15.813
2,LIB029,PEPNRMYGGFPLAC,False,16hr,16.0,13.075
2,LIB029,PEPNRMYGGFPLAC,False,24hr,24.0,5.57
2,LIB029,PEPNRMYGGFPLAC,False,36hr,36.0,4.479
2,LIB029,PEPNRMYGGFPLAC,False,48hr,48.0,2.32
2,LIB029,PEPNRMYGGFPLAC,False,72hr,72.0,1.588
3,LIB029,PEPNRMYGGFPLAC,False,pre-bleed,,1.116
3,LIB029,PEPNRMYGGFPLAC,False,5min,0.08333333333333333,102.317
3,LIB029,PEPNRMYGGFPLAC,False,20min,0.3333333333333333,68.899
3,LIB029,PEPNRMYGGFPLAC,False,30min,0.5,52.815
3,LIB029,PEPNRMYGGFPLAC,False,1hr,1.0,39.525
3,LIB029,PEPNRMYGGFPLAC,False,2hr,2.0,28.222
3,LIB029,PEPNRMYGGFPLAC,False,8hr,8.0,26.428
3,LIB029,PEPNRMYGGFPLAC,False,16hr,16.0,14.971
3,LIB029,PEPNRMYGGFPLAC,False,24hr,24.0,13.946
3,LIB029,PEPNRMYGGFPLAC,False,36hr,36.0,8.102
3,LIB029,PEPNRMYGGFPLAC,False,48hr,48.0,6.381
3,LIB029,PEPNRMYGGFPLAC,False,72hr,72.0,2.381
1,LIB030,PEPNRMYGGFPIAC,False,pre-bleed,,1.063
1,LIB030,PEPNRMYGGFPIAC,False,5min,0.08333333333333333,89.504
1,LIB030,PEPNRMYGGFPIAC,False,20min,0.3333333333333333,68.79
1,LIB030,PEPNRMYGGFPIAC,False,30min,0.5,52.658
1,LIB030,PEPNRMYGGFPIAC,False,1hr,1.0,41.243
1,LIB030,PEPNRMYGGFPIAC,False,2hr,2.0,28.148
1,LIB030,PEPNRMYGGFPIAC,False,8hr,8.0,25.345
1,LIB030,PEPNRMYGGFPIAC,False,16hr,16.0,18.413
1,LIB030,PEPNRMYGGFPIAC,False,24hr,24.0,12.135
1,LIB030,PEPNRMYGGFPIAC,False,36hr,36.0,6.466
1,LIB030,PEPNRMYGGFPIAC,False,48hr,48.0,5.213
1,LIB030,PEPNRMYGGFPIAC,False,72hr,72.0,2.308
2,LIB030,PEPNRMYGGFPIAC,False,pre-bleed,,0.902
2,LIB030,PEPNRMYGGFPIAC,False,5min,0.08333333333333333,100.095
2,LIB030,PEPNRMYGGFPIAC,False,20min,0.3333333333333333,51.006
2,LIB030,PEPNRMYGGFPIAC,False,30min,0.5,52.549
2,LIB030,PEPNRMYGGFPIAC,False,1hr,1.0,32.544
2,LIB030,PEPNRMYGGFPIAC,False,2hr,2.0,31.833
2,LIB030,PEPNRMYGGFPIAC,False,8hr,8.0,21.431
2,LIB030,PEPNRMYGGFPIAC,False,16hr,16.0,16.342
2,LIB030,PEPNRMYGGFPIAC,False,24hr,24.0,8.708
2,LIB030,PEPNRMYGGFPIAC,False,36hr,36.0,4.273
2,LIB030,PEPNRMYGGFPIAC,False,48hr,48.0,2.699
2,LIB030,PEPNRMYGGFPIAC,False,72hr,72.0,1.485
3,LIB030,PEPNRMYGGFPIAC,False,pre-bleed,,1.255
3,LIB030,PEPNRMYGGFPIAC,False,5min,0.08333333333333333,81.958
3,LIB030,PEPNRMYGGFPIAC,False,20min,0.3333333333333333,50.606
3,LIB030,PEPNRMYGGFPIAC,False,30min,0.5,45.882
3,LIB030,PEPNRMYGGFPIAC,False,1hr,1.0,36.773
3,LIB030,PEPNRMYGGFPIAC,False,2hr,2.0,24.191
3,LIB030,PEPNRMYGGFPIAC,False,8hr,8.0,25.006
3,LIB030,PEPNRMYGGFPIAC,False,16hr,16.0,22.027
3,LIB030,PEPNRMYGGFPIAC,False,24hr,24.0,12.911
3,LIB030,PEPNRMYGGFPIAC,False,36hr,36.0,9.14
3,LIB030,PEPNRMYGGFPIAC,False,48hr,48.0,6.658
3,LIB030,PEPNRMYGGFPIAC,False,72hr,72.0,3.286
1,LIB031,PEPNRMYAGFPDAC,False,pre-bleed,,1.123
1,LIB031,PEPNRMYAGFPDAC,False,5min,0.08333333333333333,78.497
1,LIB031,PEPNRMYAGFPDAC,False,20min,0.3333333333333333,44.708
1,LIB031,PEPNRMYAGFPDAC,False,30min,0.5,37.253
1,LIB031,PEPNRMYAGFPDAC,False,1hr,1.0,33.315
1,LIB031,PEPNRMYAGFPDAC,False,2hr,2.0,23.105
1,LIB031,PEPNRMYAGFPDAC,False,8hr,8.0,13.833
1,LIB031,PEPNRMYAGFPDAC,False,16hr,16.0,4.472
1,LIB031,PEPNRMYAGFPDAC,False,24hr,24.0,2.454
1,LIB031,PEPNRMYAGFPDAC,False,36hr,36.0,1.603
1,LIB031,PEPNRMYAGFPDAC,False,48hr,48.0,1.359
1,LIB031,PEPNRMYAGFPDAC,False,72hr,72.0,1.309
2,LIB031,PEPNRMYAGFPDAC,False,pre-bleed,,1.319
2,LIB031,PEPNRMYAGFPDAC,False,5min,0.08333333333333333,79.495
2,LIB031,PEPNRMYAGFPDAC,False,20min,0.3333333333333333,51.796
2,LIB031,PEPNRMYAGFPDAC,False,30min,0.5,34.934
2,LIB031,PEPNRMYAGFPDAC,False,1hr,1.0,28.581
2,LIB031,PEPNRMYAGFPDAC,False,2hr,2.0,27.259
2,LIB031,PEPNRMYAGFPDAC,False,8hr,8.0,6.987
2,LIB031,PEPNRMYAGFPDAC,False,16hr,16.0,2.841
2,LIB031,PEPNRMYAGFPDAC,False,24hr,24.0,1.634
2,LIB031,PEPNRMYAGFPDAC,False,36hr,36.0,1.373
2,LIB031,PEPNRMYAGFPDAC,False,48hr,48.0,1.341
2,LIB031,PEPNRMYAGFPDAC,False,72hr,72.0,1.337
3,LIB031,PEPNRMYAGFPDAC,False,pre-bleed,,1.086
3,LIB031,PEPNRMYAGFPDAC,False,5min,0.08333333333333333,90.804
3,LIB031,PEPNRMYAGFPDAC,False,20min,0.3333333333333333,53.943
3,LIB031,PEPNRMYAGFPDAC,False,30min,0.5,51.745
3,LIB031,PEPNRMYAGFPDAC,False,1hr,1.0,32.105
3,LIB031,PEPNRMYAGFPDAC,False,2hr,2.0,27.02
3,LIB031,PEPNRMYAGFPDAC,False,8hr,8.0,12.422
3,LIB031,PEPNRMYAGFPDAC,False,16hr,16.0,4.958
3,LIB031,PEPNRMYAGFPDAC,False,24hr,24.0,2.699
3,LIB031,PEPNRMYAGFPDAC,False,36hr,36.0,1.459
3,LIB031,PEPNRMYAGFPDAC,False,48hr,48.0,1.243
3,LIB031,PEPNRMYAGFPDAC,False,72hr,72.0,1.186
1,LIB032,PEPNRMYAGFPEAC,False,pre-bleed,,1.104
1,LIB032,PEPNRMYAGFPEAC,False,5min,0.08333333333333333,71.265
1,LIB032,PEPNRMYAGFPEAC,False,20min,0.3333333333333333,48.856
1,LIB032,PEPNRMYAGFPEAC,False,30min,0.5,44.296
1,LIB032,PEPNRMYAGFPEAC,False,1hr,1.0,26.832
1,LIB032,PEPNRMYAGFPEAC,False,2hr,2.0,23.869
1,LIB032,PEPNRMYAGFPEAC,False,8hr,8.0,5.876
1,LIB032,PEPNRMYAGFPEAC,False,16hr,16.0,2.359
1,LIB032,PEPNRMYAGFPEAC,False,24hr,24.0,1.341
1,LIB032,PEPNRMYAGFPEAC,False,36hr,36.0,1.222
1,LIB032,PEPNRMYAGFPEAC,False,48hr,48.0,1.214
1,LIB032,PEPNRMYAGFPEAC,False,72hr,72.0,1.213
2,LIB032,PEPNRMYAGFPEAC,False,pre-bleed,,1.189
2,LIB032,PEPNRMYAGFPEAC,False,5min,0.08333333333333333,120.987
2,LIB032,PEPNRMYAGFPEAC,False,20min,0.3333333333333333,73.846
2,LIB032,PEPNRMYAGFPEAC,False,30min,0.5,53.249
2,LIB032,PEPNRMYAGFPEAC,False,1hr,1.0,22.899
2,LIB032,PEPNRMYAGFPEAC,False,2hr,2.0,18.131
2,LIB032,PEPNRMYAGFPEAC,False,8hr,8.0,4.225
2,LIB032,PEPNRMYAGFPEAC,False,16hr,16.0,1.61
2,LIB032,PEPNRMYAGFPEAC,False,24hr,24.0,1.42
2,LIB032,PEPNRMYAGFPEAC,False,36hr,36.0,1.407
2,LIB032,PEPNRMYAGFPEAC,False,48hr,48.0,1.407
2,LIB032,PEPNRMYAGFPEAC,False,72hr,72.0,1.407
3,LIB032,PEPNRMYAGFPEAC,False,pre-bleed,,0.987
3,LIB032,PEPNRMYAGFPEAC,False,5min,0.08333333333333333,73.054
3,LIB032,PEPNRMYAGFPEAC,False,20min,0.3333333333333333,49.693
3,LIB032,PEPNRMYAGFPEAC,False,30min,0.5,41.4
3,LIB032,PEPNRMYAGFPEAC,False,1hr,1.0,26.638
3,LIB032,PEPNRMYAGFPEAC,False,2hr,2.0,18.803
3,LIB032,PEPNRMYAGFPEAC,False,8hr,8.0,5.193
3,LIB032,PEPNRMYAGFPEAC,False,16hr,16.0,1.832
3,LIB032,PEPNRMYAGFPEAC,False,24hr,24.0,1.366
3,LIB032,PEPNRMYAGFPEAC,False,36hr,36.0,1.306
3,LIB032,PEPNRMYAGFPEAC,False,48hr,48.0,1.303
3,LIB032,PEPNRMYAGFPEAC,False,72hr,72.0,1.303
1,LIB033,PEPNRMYAGFPMAC,False,pre-bleed,,1.193
1,LIB033,PEPNRMYAGFPMAC,False,5min,0.08333333333333333,73.343
1,LIB033,PEPNRMYAGFPMAC,False,20min,0.3333333333333333,66.028
1,LIB033,PEPNRMYAGFPMAC,False,30min,0.5,53.786
1,LIB033,PEPNRMYAGFPMAC,False,1hr,1.0,40.98
1,LIB033,PEPNRMYAGFPMAC,False,2hr,2.0,32.776
1,LIB033,PEPNRMYAGFPMAC,False,8hr,8.0,26.953
1,LIB033,PEPNRMYAGFPMAC,False,16hr,16.0,18.514
1,LIB033,PEPNRMYAGFPMAC,False,24hr,24.0,12.003
1,LIB033,PEPNRMYAGFPMAC,False,36hr,36.0,6.577
1,LIB033,PEPNRMYAGFPMAC,False,48hr,48.0,3.701
1,LIB033,PEPNRMYAGFPMAC,False,72hr,72.0,2.388
2,LIB033,PEPNRMYAGFPMAC,False,pre-bleed,,1.743
2,LIB033,PEPNRMYAGFPMAC,False,5min,0.08333333333333333,125.854
2,LIB033,PEPNRMYAGFPMAC,False,20min,0.3333333333333333,60.648
2,LIB033,PEPNRMYAGFPMAC,False,30min,0.5,56.732
2,LIB033,PEPNRMYAGFPMAC,False,1hr,1.0,48.4
2,LIB033,PEPNRMYAGFPMAC,False,2hr,2.0,35.373
2,LIB033,PEPNRMYAGFPMAC,False,8hr,8.0,19.024
2,LIB033,PEPNRMYAGFPMAC,False,16hr,16.0,13.879
2,LIB033,PEPNRMYAGFPMAC,False,24hr,24.0,8.481
2,LIB033,PEPNRMYAGFPMAC,False,36hr,36.0,4.129
2,LIB033,PEPNRMYAGFPMAC,False,48hr,48.0,2.608
2,LIB033,PEPNRMYAGFPMAC,False,72hr,72.0,1.695
3,LIB033,PEPNRMYAGFPMAC,False,pre-bleed,,1.582
3,LIB033,PEPNRMYAGFPMAC,False,5min,0.08333333333333333,81.105
3,LIB033,PEPNRMYAGFPMAC,False,20min,0.3333333333333333,55.83
3,LIB033,PEPNRMYAGFPMAC,False,30min,0.5,43.083
3,LIB033,PEPNRMYAGFPMAC,False,1hr,1.0,41.549
3,LIB033,PEPNRMYAGFPMAC,False,2hr,2.0,32.576
3,LIB033,PEPNRMYAGFPMAC,False,8hr,8.0,26.158
3,LIB033,PEPNRMYAGFPMAC,False,16hr,16.0,19.824
3,LIB033,PEPNRMYAGFPMAC,False,24hr,24.0,11.902
3,LIB033,PEPNRMYAGFPMAC,False,36hr,36.0,7.627
3,LIB033,PEPNRMYAGFPMAC,False,48hr,48.0,4.545
3,LIB033,PEPNRMYAGFPMAC,False,72hr,72.0,2.405
1,LIB034,PEPNRMYAGFPLAC,False,pre-bleed,,1.307
1,LIB034,PEPNRMYAGFPLAC,False,5min,0.08333333333333333,76.548
1,LIB034,PEPNRMYAGFPLAC,False,20min,0.3333333333333333,65.519
1,LIB034,PEPNRMYAGFPLAC,False,30min,0.5,45.236
1,LIB034,PEPNRMYAGFPLAC,False,1hr,1.0,45.595
1,LIB034,PEPNRMYAGFPLAC,False,2hr,2.0,38.848
1,LIB034,PEPNRMYAGFPLAC,False,8hr,8.0,27.929
1,LIB034,PEPNRMYAGFPLAC,False,16hr,16.0,19.932
1,LIB034,PEPNRMYAGFPLAC,False,24hr,24.0,13.989
1,LIB034,PEPNRMYAGFPLAC,False,36hr,36.0,9.691
1,LIB034,PEPNRMYAGFPLAC,False,48hr,48.0,5.736
1,LIB034,PEPNRMYAGFPLAC,False,72hr,72.0,2.967
2,LIB034,PEPNRMYAGFPLAC,False,pre-bleed,,0.751
2,LIB034,PEPNRMYAGFPLAC,False,5min,0.08333333333333333,68.264
2,LIB034,PEPNRMYAGFPLAC,False,20min,0.3333333333333333,70.704
2,LIB034,PEPNRMYAGFPLAC,False,30min,0.5,70.331
2,LIB034,PEPNRMYAGFPLAC,False,1hr,1.0,49.675
2,LIB034,PEPNRMYAGFPLAC,False,2hr,2.0,26.335
2,LIB034,PEPNRMYAGFPLAC,False,8hr,8.0,26.848
2,LIB034,PEPNRMYAGFPLAC,False,16hr,16.0,18.808
2,LIB034,PEPNRMYAGFPLAC,False,24hr,24.0,8.961
2,LIB034,PEPNRMYAGFPLAC,False,36hr,36.0,5.156
2,LIB034,PEPNRMYAGFPLAC,False,48hr,48.0,2.336
2,LIB034,PEPNRMYAGFPLAC,False,72hr,72.0,1.374
3,LIB034,PEPNRMYAGFPLAC,False,pre-bleed,,1.333
3,LIB034,PEPNRMYAGFPLAC,False,5min,0.08333333333333333,73.855
3,LIB034,PEPNRMYAGFPLAC,False,20min,0.3333333333333333,50.288
3,LIB034,PEPNRMYAGFPLAC,False,30min,0.5,37.905
3,LIB034,PEPNRMYAGFPLAC,False,1hr,1.0,34.98
3,LIB034,PEPNRMYAGFPLAC,False,2hr,2.0,29.18
3,LIB034,PEPNRMYAGFPLAC,False,8hr,8.0,20.942
3,LIB034,PEPNRMYAGFPLAC,False,16hr,16.0,19.458
3,LIB034,PEPNRMYAGFPLAC,False,24hr,24.0,13.33
3,LIB034,PEPNRMYAGFPLAC,False,36hr,36.0,8.327
3,LIB034,PEPNRMYAGFPLAC,False,48hr,48.0,5.966
3,LIB034,PEPNRMYAGFPLAC,False,72hr,72.0,3.466
1,LIB035,PEPNRMYAGFPIAC,False,pre-bleed,,1.231
1,LIB035,PEPNRMYAGFPIAC,False,5min,0.08333333333333333,93.131
1,LIB035,PEPNRMYAGFPIAC,False,20min,0.3333333333333333,60.703
1,LIB035,PEPNRMYAGFPIAC,False,30min,0.5,56.405
1,LIB035,PEPNRMYAGFPIAC,False,1hr,1.0,37.206
1,LIB035,PEPNRMYAGFPIAC,False,2hr,2.0,37.446
1,LIB035,PEPNRMYAGFPIAC,False,8hr,8.0,29.866
1,LIB035,PEPNRMYAGFPIAC,False,16hr,16.0,15.401
1,LIB035,PEPNRMYAGFPIAC,False,24hr,24.0,17.784
1,LIB035,PEPNRMYAGFPIAC,False,36hr,36.0,7.658
1,LIB035,PEPNRMYAGFPIAC,False,48hr,48.0,6.546
1,LIB035,PEPNRMYAGFPIAC,False,72hr,72.0,3.753
2,LIB035,PEPNRMYAGFPIAC,False,pre-bleed,,1.275
2,LIB035,PEPNRMYAGFPIAC,False,5min,0.08333333333333333,99.116
2,LIB035,PEPNRMYAGFPIAC,False,20min,0.3333333333333333,53.704
2,LIB035,PEPNRMYAGFPIAC,False,30min,0.5,37.503
2,LIB035,PEPNRMYAGFPIAC,False,1hr,1.0,32.681
2,LIB035,PEPNRMYAGFPIAC,False,2hr,2.0,27.788
2,LIB035,PEPNRMYAGFPIAC,False,8hr,8.0,27.954
2,LIB035,PEPNRMYAGFPIAC,False,16hr,16.0,18.824
2,LIB035,PEPNRMYAGFPIAC,False,24hr,24.0,9.311
2,LIB035,PEPNRMYAGFPIAC,False,36hr,36.0,6.853
2,LIB035,PEPNRMYAGFPIAC,False,48hr,48.0,4.301
2,LIB035,PEPNRMYAGFPIAC,False,72hr,72.0,2.803
3,LIB035,PEPNRMYAGFPIAC,False,pre-bleed,,1.106
3,LIB035,PEPNRMYAGFPIAC,False,5min,0.08333333333333333,73.699
3,LIB035,PEPNRMYAGFPIAC,False,20min,0.3333333333333333,51.968
3,LIB035,PEPNRMYAGFPIAC,False,30min,0.5,51.654
3,LIB035,PEPNRMYAGFPIAC,False,1hr,1.0,32.962
3,LIB035,PEPNRMYAGFPIAC,False,2hr,2.0,24.428
3,LIB035,PEPNRMYAGFPIAC,False,8hr,8.0,23.504
3,LIB035,PEPNRMYAGFPIAC,False,16hr,16.0,15.35
3,LIB035,PEPNRMYAGFPIAC,False,24hr,24.0,13.079
3,LIB035,PEPNRMYAGFPIAC,False,36hr,36.0,8.713
3,LIB035,PEPNRMYAGFPIAC,False,48hr,48.0,6.061
3,LIB035,PEPNRMYAGFPIAC,False,72hr,72.0,3.994
1,LIB036,PEPNRMYVGFPDAC,False,pre-bleed,,1.044
1,LIB036,PEPNRMYVGFPDAC,False,5min,0.08333333333333333,78.681
1,LIB036,PEPNRMYVGFPDAC,False,20min,0.3333333333333333,68.827
1,LIB036,PEPNRMYVGFPDAC,False,30min,0.5,45.65
1,LIB036,PEPNRMYVGFPDAC,False,1hr,1.0,37.146
1,LIB036,PEPNRMYVGFPDAC,False,2hr,2.0,29.931
1,LIB036,PEPNRMYVGFPDAC,False,8hr,8.0,21.543
1,LIB036,PEPNRMYVGFPDAC,False,16hr,16.0,11.755
1,LIB036,PEPNRMYVGFPDAC,False,24hr,24.0,7.433
1,LIB036,PEPNRMYVGFPDAC,False,36hr,36.0,3.809
1,LIB036,PEPNRMYVGFPDAC,False,48hr,48.0,2.159
1,LIB036,PEPNRMYVGFPDAC,False,72hr,72.0,1.259
2,LIB036,PEPNRMYVGFPDAC,False,pre-bleed,,1.213
2,LIB036,PEPNRMYVGFPDAC,False,5min,0.08333333333333333,84.645
2,LIB036,PEPNRMYVGFPDAC,False,20min,0.3333333333333333,62.59
2,LIB036,PEPNRMYVGFPDAC,False,30min,0.5,67.371
2,LIB036,PEPNRMYVGFPDAC,False,1hr,1.0,29.941
2,LIB036,PEPNRMYVGFPDAC,False,2hr,2.0,33.797
2,LIB036,PEPNRMYVGFPDAC,False,8hr,8.0,11.749
2,LIB036,PEPNRMYVGFPDAC,False,16hr,16.0,7.244
2,LIB036,PEPNRMYVGFPDAC,False,24hr,24.0,4.273
2,LIB036,PEPNRMYVGFPDAC,False,36hr,36.0,1.9
2,LIB036,PEPNRMYVGFPDAC,False,48hr,48.0,1.412
2,LIB036,PEPNRMYVGFPDAC,False,72hr,72.0,1.266
3,LIB036,PEPNRMYVGFPDAC,False,pre-bleed,,1.1
3,LIB036,PEPNRMYVGFPDAC,False,5min,0.08333333333333333,79.985
3,LIB036,PEPNRMYVGFPDAC,False,20min,0.3333333333333333,54.999
3,LIB036,PEPNRMYVGFPDAC,False,30min,0.5,43.204
3,LIB036,PEPNRMYVGFPDAC,False,1hr,1.0,38.872
3,LIB036,PEPNRMYVGFPDAC,False,2hr,2.0,33.388
3,LIB036,PEPNRMYVGFPDAC,False,8hr,8.0,20.79
3,LIB036,PEPNRMYVGFPDAC,False,16hr,16.0,12.802
3,LIB036,PEPNRMYVGFPDAC,False,24hr,24.0,6.884
3,LIB036,PEPNRMYVGFPDAC,False,36hr,36.0,3.507
3,LIB036,PEPNRMYVGFPDAC,False,48hr,48.0,2.046
3,LIB036,PEPNRMYVGFPDAC,False,72hr,72.0,1.221
1,LIB037,PEPNRMYVGFPEAC,False,pre-bleed,,0.984
1,LIB037,PEPNRMYVGFPEAC,False,5min,0.08333333333333333,89.144
1,LIB037,PEPNRMYVGFPEAC,False,20min,0.3333333333333333,55.481
1,LIB037,PEPNRMYVGFPEAC,False,30min,0.5,62.698
1,LIB037,PEPNRMYVGFPEAC,False,1hr,1.0,39.165
1,LIB037,PEPNRMYVGFPEAC,False,2hr,2.0,26.502
1,LIB037,PEPNRMYVGFPEAC,False,8hr,8.0,19.54
1,LIB037,PEPNRMYVGFPEAC,False,16hr,16.0,9.402
1,LIB037,PEPNRMYVGFPEAC,False,24hr,24.0,4.245
1,LIB037,PEPNRMYVGFPEAC,False,36hr,36.0,2.509
1,LIB037,PEPNRMYVGFPEAC,False,48hr,48.0,1.395
1,LIB037,PEPNRMYVGFPEAC,False,72hr,72.0,0.972
2,LIB037,PEPNRMYVGFPEAC,False,pre-bleed,,1.007
2,LIB037,PEPNRMYVGFPEAC,False,5min,0.08333333333333333,106.423
2,LIB037,PEPNRMYVGFPEAC,False,20min,0.3333333333333333,68.548
2,LIB037,PEPNRMYVGFPEAC,False,30min,0.5,49.906
2,LIB037,PEPNRMYVGFPEAC,False,1hr,1.0,41.134
2,LIB037,PEPNRMYVGFPEAC,False,2hr,2.0,30.984
2,LIB037,PEPNRMYVGFPEAC,False,8hr,8.0,11.616
2,LIB037,PEPNRMYVGFPEAC,False,16hr,16.0,4.455
2,LIB037,PEPNRMYVGFPEAC,False,24hr,24.0,2.595
2,LIB037,PEPNRMYVGFPEAC,False,36hr,36.0,1.117
2,LIB037,PEPNRMYVGFPEAC,False,48hr,48.0,0.983
2,LIB037,PEPNRMYVGFPEAC,False,72hr,72.0,0.925
3,LIB037,PEPNRMYVGFPEAC,False,pre-bleed,,0.976
3,LIB037,PEPNRMYVGFPEAC,False,5min,0.08333333333333333,103.384
3,LIB037,PEPNRMYVGFPEAC,False,20min,0.3333333333333333,61.441
3,LIB037,PEPNRMYVGFPEAC,False,30min,0.5,60.006
3,LIB037,PEPNRMYVGFPEAC,False,1hr,1.0,35.419
3,LIB037,PEPNRMYVGFPEAC,False,2hr,2.0,33.954
3,LIB037,PEPNRMYVGFPEAC,False,8hr,8.0,20.446
3,LIB037,PEPNRMYVGFPEAC,False,16hr,16.0,9.547
3,LIB037,PEPNRMYVGFPEAC,False,24hr,24.0,5.454
3,LIB037,PEPNRMYVGFPEAC,False,36hr,36.0,1.975
3,LIB037,PEPNRMYVGFPEAC,False,48hr,48.0,1.249
3,LIB037,PEPNRMYVGFPEAC,False,72hr,72.0,0.988
1,LIB038,PEPNRMYVGFPMAC,False,pre-bleed,,1.211
1,LIB038,PEPNRMYVGFPMAC,False,5min,0.08333333333333333,81.133
1,LIB038,PEPNRMYVGFPMAC,False,20min,0.3333333333333333,75.678
1,LIB038,PEPNRMYVGFPMAC,False,30min,0.5,77.17
1,LIB038,PEPNRMYVGFPMAC,False,1hr,1.0,43.397
1,LIB038,PEPNRMYVGFPMAC,False,2hr,2.0,37.734
1,LIB038,PEPNRMYVGFPMAC,False,8hr,8.0,26.063
1,LIB038,PEPNRMYVGFPMAC,False,16hr,16.0,16.507
1,LIB038,PEPNRMYVGFPMAC,False,24hr,24.0,13.762
1,LIB038,PEPNRMYVGFPMAC,False,36hr,36.0,8.362
1,LIB038,PEPNRMYVGFPMAC,False,48hr,48.0,5.327
1,LIB038,PEPNRMYVGFPMAC,False,72hr,72.0,3.321
2,LIB038,PEPNRMYVGFPMAC,False,pre-bleed,,1.438
2,LIB038,PEPNRMYVGFPMAC,False,5min,0.08333333333333333,89.777
2,LIB038,PEPNRMYVGFPMAC,False,20min,0.3333333333333333,69.876
2,LIB038,PEPNRMYVGFPMAC,False,30min,0.5,52.265
2,LIB038,PEPNRMYVGFPMAC,False,1hr,1.0,37.704
2,LIB038,PEPNRMYVGFPMAC,False,2hr,2.0,26.713
2,LIB038,PEPNRMYVGFPMAC,False,8hr,8.0,17.337
2,LIB038,PEPNRMYVGFPMAC,False,16hr,16.0,14.59
2,LIB038,PEPNRMYVGFPMAC,False,24hr,24.0,10.026
2,LIB038,PEPNRMYVGFPMAC,False,36hr,36.0,4.712
2,LIB038,PEPNRMYVGFPMAC,False,48hr,48.0,3.349
2,LIB038,PEPNRMYVGFPMAC,False,72hr,72.0,1.764
3,LIB038,PEPNRMYVGFPMAC,False,pre-bleed,,1.139
3,LIB038,PEPNRMYVGFPMAC,False,5min,0.08333333333333333,72.514
3,LIB038,PEPNRMYVGFPMAC,False,20min,0.3333333333333333,53.871
3,LIB038,PEPNRMYVGFPMAC,False,30min,0.5,43.894
3,LIB038,PEPNRMYVGFPMAC,False,1hr,1.0,30.877
3,LIB038,PEPNRMYVGFPMAC,False,2hr,2.0,26.653
3,LIB038,PEPNRMYVGFPMAC,False,8hr,8.0,20.531
3,LIB038,PEPNRMYVGFPMAC,False,16hr,16.0,16.795
3,LIB038,PEPNRMYVGFPMAC,False,24hr,24.0,12.0
3,LIB038,PEPNRMYVGFPMAC,False,36hr,36.0,8.059
3,LIB038,PEPNRMYVGFPMAC,False,48hr,48.0,5.154
3,LIB038,PEPNRMYVGFPMAC,False,72hr,72.0,2.831
1,LIB039,PEPNRMYVGFPLAC,False,pre-bleed,,0.801
1,LIB039,PEPNRMYVGFPLAC,False,5min,0.08333333333333333,106.463
1,LIB039,PEPNRMYVGFPLAC,False,20min,0.3333333333333333,66.581
1,LIB039,PEPNRMYVGFPLAC,False,30min,0.5,45.3
1,LIB039,PEPNRMYVGFPLAC,False,1hr,1.0,37.554
1,LIB039,PEPNRMYVGFPLAC,False,2hr,2.0,37.35
1,LIB039,PEPNRMYVGFPLAC,False,8hr,8.0,26.571
1,LIB039,PEPNRMYVGFPLAC,False,16hr,16.0,19.618
1,LIB039,PEPNRMYVGFPLAC,False,24hr,24.0,18.277
1,LIB039,PEPNRMYVGFPLAC,False,36hr,36.0,9.477
1,LIB039,PEPNRMYVGFPLAC,False,48hr,48.0,6.647
1,LIB039,PEPNRMYVGFPLAC,False,72hr,72.0,3.666
2,LIB039,PEPNRMYVGFPLAC,False,pre-bleed,,1.314
2,LIB039,PEPNRMYVGFPLAC,False,5min,0.08333333333333333,87.492
2,LIB039,PEPNRMYVGFPLAC,False,20min,0.3333333333333333,65.839
2,LIB039,PEPNRMYVGFPLAC,False,30min,0.5,55.917
2,LIB039,PEPNRMYVGFPLAC,False,1hr,1.0,42.065
2,LIB039,PEPNRMYVGFPLAC,False,2hr,2.0,38.662
2,LIB039,PEPNRMYVGFPLAC,False,8hr,8.0,27.403
2,LIB039,PEPNRMYVGFPLAC,False,16hr,16.0,17.141
2,LIB039,PEPNRMYVGFPLAC,False,24hr,24.0,10.368
2,LIB039,PEPNRMYVGFPLAC,False,36hr,36.0,6.913
2,LIB039,PEPNRMYVGFPLAC,False,48hr,48.0,4.237
2,LIB039,PEPNRMYVGFPLAC,False,72hr,72.0,2.128
3,LIB039,PEPNRMYVGFPLAC,False,pre-bleed,,1.412
3,LIB039,PEPNRMYVGFPLAC,False,5min,0.08333333333333333,132.361
3,LIB039,PEPNRMYVGFPLAC,False,20min,0.3333333333333333,67.102
3,LIB039,PEPNRMYVGFPLAC,False,30min,0.5,60.837
3,LIB039,PEPNRMYVGFPLAC,False,1hr,1.0,41.093
3,LIB039,PEPNRMYVGFPLAC,False,2hr,2.0,38.446
3,LIB039,PEPNRMYVGFPLAC,False,8hr,8.0,33.357
3,LIB039,PEPNRMYVGFPLAC,False,16hr,16.0,27.206
3,LIB039,PEPNRMYVGFPLAC,False,24hr,24.0,19.743
3,LIB039,PEPNRMYVGFPLAC,False,36hr,36.0,14.776
3,LIB039,PEPNRMYVGFPLAC,False,48hr,48.0,8.918
3,LIB039,PEPNRMYVGFPLAC,False,72hr,72.0,4.541
1,LIB040,PEPNRMYVGFPIAC,False,pre-bleed,,1.107
1,LIB040,PEPNRMYVGFPIAC,False,5min,0.08333333333333333,119.242
1,LIB040,PEPNRMYVGFPIAC,False,20min,0.3333333333333333,73.544
1,LIB040,PEPNRMYVGFPIAC,False,30min,0.5,65.631
1,LIB040,PEPNRMYVGFPIAC,False,1hr,1.0,48.147
1,LIB040,PEPNRMYVGFPIAC,False,2hr,2.0,45.451
1,LIB040,PEPNRMYVGFPIAC,False,8hr,8.0,32.128
1,LIB040,PEPNRMYVGFPIAC,False,16hr,16.0,25.258
1,LIB040,PEPNRMYVGFPIAC,False,24hr,24.0,23.444
1,LIB040,PEPNRMYVGFPIAC,False,36hr,36.0,17.759
1,LIB040,PEPNRMYVGFPIAC,False,48hr,48.0,12.668
1,LIB040,PEPNRMYVGFPIAC,False,72hr,72.0,6.357
2,LIB040,PEPNRMYVGFPIAC,False,pre-bleed,,1.493
2,LIB040,PEPNRMYVGFPIAC,False,5min,0.08333333333333333,100.601
2,LIB040,PEPNRMYVGFPIAC,False,20min,0.3333333333333333,67.97
2,LIB040,PEPNRMYVGFPIAC,False,30min,0.5,63.098
2,LIB040,PEPNRMYVGFPIAC,False,1hr,1.0,62.258
2,LIB040,PEPNRMYVGFPIAC,False,2hr,2.0,26.875
2,LIB040,PEPNRMYVGFPIAC,False,8hr,8.0,24.512
2,LIB040,PEPNRMYVGFPIAC,False,16hr,16.0,18.171
2,LIB040,PEPNRMYVGFPIAC,False,24hr,24.0,12.85
2,LIB040,PEPNRMYVGFPIAC,False,36hr,36.0,7.969
2,LIB040,PEPNRMYVGFPIAC,False,48hr,48.0,5.845
2,LIB040,PEPNRMYVGFPIAC,False,72hr,72.0,2.666
3,LIB040,PEPNRMYVGFPIAC,False,pre-bleed,,1.671
3,LIB040,PEPNRMYVGFPIAC,False,5min,0.08333333333333333,86.761
3,LIB040,PEPNRMYVGFPIAC,False,20min,0.3333333333333333,80.7
3,LIB040,PEPNRMYVGFPIAC,False,30min,0.5,55.194
3,LIB040,PEPNRMYVGFPIAC,False,1hr,1.0,33.191
3,LIB040,PEPNRMYVGFPIAC,False,2hr,2.0,31.915
3,LIB040,PEPNRMYVGFPIAC,False,8hr,8.0,24.534
3,LIB040,PEPNRMYVGFPIAC,False,16hr,16.0,23.422
3,LIB040,PEPNRMYVGFPIAC,False,24hr,24.0,18.333
3,LIB040,PEPNRMYVGFPIAC,False,36hr,36.0,12.653
3,LIB040,PEPNRMYVGFPIAC,False,48hr,48.0,11.674
3,LIB040,PEPNRMYVGFPIAC,False,72hr,72.0,5.603
1,LIB041,PEPNRMYFGFPDAC,False,pre-bleed,,1.449
1,LIB041,PEPNRMYFGFPDAC,False,5min,0.08333333333333333,73.795
1,LIB041,PEPNRMYFGFPDAC,False,20min,0.3333333333333333,59.953
1,LIB041,PEPNRMYFGFPDAC,False,30min,0.5,51.266
1,LIB041,PEPNRMYFGFPDAC,False,1hr,1.0,38.691
1,LIB041,PEPNRMYFGFPDAC,False,2hr,2.0,32.633
1,LIB041,PEPNRMYFGFPDAC,False,8hr,8.0,26.554
1,LIB041,PEPNRMYFGFPDAC,False,16hr,16.0,20.319
1,LIB041,PEPNRMYFGFPDAC,False,24hr,24.0,15.478
1,LIB041,PEPNRMYFGFPDAC,False,36hr,36.0,10.554
1,LIB041,PEPNRMYFGFPDAC,False,48hr,48.0,7.328
1,LIB041,PEPNRMYFGFPDAC,False,72hr,72.0,3.315
2,LIB041,PEPNRMYFGFPDAC,False,pre-bleed,,1.481
2,LIB041,PEPNRMYFGFPDAC,False,5min,0.08333333333333333,100.105
2,LIB041,PEPNRMYFGFPDAC,False,20min,0.3333333333333333,74.865
2,LIB041,PEPNRMYFGFPDAC,False,30min,0.5,68.121
2,LIB041,PEPNRMYFGFPDAC,False,1hr,1.0,32.733
2,LIB041,PEPNRMYFGFPDAC,False,2hr,2.0,31.288
2,LIB041,PEPNRMYFGFPDAC,False,8hr,8.0,21.24
2,LIB041,PEPNRMYFGFPDAC,False,16hr,16.0,12.855
2,LIB041,PEPNRMYFGFPDAC,False,24hr,24.0,7.527
2,LIB041,PEPNRMYFGFPDAC,False,36hr,36.0,3.765
2,LIB041,PEPNRMYFGFPDAC,False,48hr,48.0,2.756
2,LIB041,PEPNRMYFGFPDAC,False,72hr,72.0,1.572
3,LIB041,PEPNRMYFGFPDAC,False,pre-bleed,,1.488
3,LIB041,PEPNRMYFGFPDAC,False,5min,0.08333333333333333,92.596
3,LIB041,PEPNRMYFGFPDAC,False,20min,0.3333333333333333,75.083
3,LIB041,PEPNRMYFGFPDAC,False,30min,0.5,50.892
3,LIB041,PEPNRMYFGFPDAC,False,1hr,1.0,40.098
3,LIB041,PEPNRMYFGFPDAC,False,2hr,2.0,30.322
3,LIB041,PEPNRMYFGFPDAC,False,8hr,8.0,23.495
3,LIB041,PEPNRMYFGFPDAC,False,16hr,16.0,23.533
3,LIB041,PEPNRMYFGFPDAC,False,24hr,24.0,13.48
3,LIB041,PEPNRMYFGFPDAC,False,36hr,36.0,8.757
3,LIB041,PEPNRMYFGFPDAC,False,48hr,48.0,6.491
3,LIB041,PEPNRMYFGFPDAC,False,72hr,72.0,3.352
1,LIB042,PEPNRMYFGFPEAC,False,pre-bleed,,0.833
1,LIB042,PEPNRMYFGFPEAC,False,5min,0.08333333333333333,89.647
1,LIB042,PEPNRMYFGFPEAC,False,20min,0.3333333333333333,58.937
1,LIB042,PEPNRMYFGFPEAC,False,30min,0.5,43.645
1,LIB042,PEPNRMYFGFPEAC,False,1hr,1.0,29.595
1,LIB042,PEPNRMYFGFPEAC,False,2hr,2.0,28.23
1,LIB042,PEPNRMYFGFPEAC,False,8hr,8.0,22.773
1,LIB042,PEPNRMYFGFPEAC,False,16hr,16.0,17.853
1,LIB042,PEPNRMYFGFPEAC,False,24hr,24.0,9.861
1,LIB042,PEPNRMYFGFPEAC,False,36hr,36.0,6.47
1,LIB042,PEPNRMYFGFPEAC,False,48hr,48.0,4.308
1,LIB042,PEPNRMYFGFPEAC,False,72hr,72.0,1.737
2,LIB042,PEPNRMYFGFPEAC,False,pre-bleed,,1.415
2,LIB042,PEPNRMYFGFPEAC,False,5min,0.08333333333333333,100.466
2,LIB042,PEPNRMYFGFPEAC,False,20min,0.3333333333333333,41.403
2,LIB042,PEPNRMYFGFPEAC,False,30min,0.5,44.582
2,LIB042,PEPNRMYFGFPEAC,False,1hr,1.0,39.856
2,LIB042,PEPNRMYFGFPEAC,False,2hr,2.0,33.433
2,LIB042,PEPNRMYFGFPEAC,False,8hr,8.0,25.403
2,LIB042,PEPNRMYFGFPEAC,False,16hr,16.0,16.239
2,LIB042,PEPNRMYFGFPEAC,False,24hr,24.0,9.813
2,LIB042,PEPNRMYFGFPEAC,False,36hr,36.0,4.608
2,LIB042,PEPNRMYFGFPEAC,False,48hr,48.0,2.381
2,LIB042,PEPNRMYFGFPEAC,False,72hr,72.0,1.507
3,LIB042,PEPNRMYFGFPEAC,False,pre-bleed,,1.353
3,LIB042,PEPNRMYFGFPEAC,False,5min,0.08333333333333333,62.66
3,LIB042,PEPNRMYFGFPEAC,False,20min,0.3333333333333333,51.099
3,LIB042,PEPNRMYFGFPEAC,False,30min,0.5,60.584
3,LIB042,PEPNRMYFGFPEAC,False,1hr,1.0,35.955
3,LIB042,PEPNRMYFGFPEAC,False,2hr,2.0,27.682
3,LIB042,PEPNRMYFGFPEAC,False,8hr,8.0,29.881
3,LIB042,PEPNRMYFGFPEAC,False,16hr,16.0,18.391
3,LIB042,PEPNRMYFGFPEAC,False,24hr,24.0,14.582
3,LIB042,PEPNRMYFGFPEAC,False,36hr,36.0,8.19
3,LIB042,PEPNRMYFGFPEAC,False,48hr,48.0,5.311
3,LIB042,PEPNRMYFGFPEAC,False,72hr,72.0,2.602
1,LIB043,PEPNRMYFGFPMAC,False,pre-bleed,,1.246
1,LIB043,PEPNRMYFGFPMAC,False,5min,0.08333333333333333,109.051
1,LIB043,PEPNRMYFGFPMAC,False,20min,0.3333333333333333,83.032
1,LIB043,PEPNRMYFGFPMAC,False,30min,0.5,59.509
1,LIB043,PEPNRMYFGFPMAC,False,1hr,1.0,52.322
1,LIB043,PEPNRMYFGFPMAC,False,2hr,2.0,41.081
1,LIB043,PEPNRMYFGFPMAC,False,8hr,8.0,39.86
1,LIB043,PEPNRMYFGFPMAC,False,16hr,16.0,21.939
1,LIB043,PEPNRMYFGFPMAC,False,24hr,24.0,17.87
1,LIB043,PEPNRMYFGFPMAC,False,36hr,36.0,12.991
1,LIB043,PEPNRMYFGFPMAC,False,48hr,48.0,9.179
1,LIB043,PEPNRMYFGFPMAC,False,72hr,72.0,4.832
2,LIB043,PEPNRMYFGFPMAC,False,pre-bleed,,1.833
2,LIB043,PEPNRMYFGFPMAC,False,5min,0.08333333333333333,68.188
2,LIB043,PEPNRMYFGFPMAC,False,20min,0.3333333333333333,57.883
2,LIB043,PEPNRMYFGFPMAC,False,30min,0.5,41.168
2,LIB043,PEPNRMYFGFPMAC,False,1hr,1.0,34.298
2,LIB043,PEPNRMYFGFPMAC,False,2hr,2.0,27.765
2,LIB043,PEPNRMYFGFPMAC,False,8hr,8.0,25.822
2,LIB043,PEPNRMYFGFPMAC,False,16hr,16.0,15.439
2,LIB043,PEPNRMYFGFPMAC,False,24hr,24.0,12.19
2,LIB043,PEPNRMYFGFPMAC,False,36hr,36.0,7.773
2,LIB043,PEPNRMYFGFPMAC,False,48hr,48.0,4.844
2,LIB043,PEPNRMYFGFPMAC,False,72hr,72.0,2.795
3,LIB043,PEPNRMYFGFPMAC,False,pre-bleed,,2.116
3,LIB043,PEPNRMYFGFPMAC,False,5min,0.08333333333333333,103.253
3,LIB043,PEPNRMYFGFPMAC,False,20min,0.3333333333333333,55.226
3,LIB043,PEPNRMYFGFPMAC,False,30min,0.5,63.966
3,LIB043,PEPNRMYFGFPMAC,False,1hr,1.0,36.221
3,LIB043,PEPNRMYFGFPMAC,False,2hr,2.0,48.013
3,LIB043,PEPNRMYFGFPMAC,False,8hr,8.0,35.036
3,LIB043,PEPNRMYFGFPMAC,False,16hr,16.0,30.668
3,LIB043,PEPNRMYFGFPMAC,False,24hr,24.0,20.194
3,LIB043,PEPNRMYFGFPMAC,False,36hr,36.0,13.807
3,LIB043,PEPNRMYFGFPMAC,False,48hr,48.0,12.165
3,LIB043,PEPNRMYFGFPMAC,False,72hr,72.0,6.746
1,LIB044,PEPNRMYFGFPLAC,False,pre-bleed,,1.52
1,LIB044,PEPNRMYFGFPLAC,False,5min,0.08333333333333333,92.909
1,LIB044,PEPNRMYFGFPLAC,False,20min,0.3333333333333333,70.333
1,LIB044,PEPNRMYFGFPLAC,False,30min,0.5,49.28
1,LIB044,PEPNRMYFGFPLAC,False,1hr,1.0,30.36
1,LIB044,PEPNRMYFGFPLAC,False,2hr,2.0,32.554
1,LIB044,PEPNRMYFGFPLAC,False,8hr,8.0,30.307
1,LIB044,PEPNRMYFGFPLAC,False,16hr,16.0,19.952
1,LIB044,PEPNRMYFGFPLAC,False,24hr,24.0,17.358
1,LIB044,PEPNRMYFGFPLAC,False,36hr,36.0,11.873
1,LIB044,PEPNRMYFGFPLAC,False,48hr,48.0,10.764
1,LIB044,PEPNRMYFGFPLAC,False,72hr,72.0,5.533
2,LIB044,PEPNRMYFGFPLAC,False,pre-bleed,,0.988
2,LIB044,PEPNRMYFGFPLAC,False,5min,0.08333333333333333,65.345
2,LIB044,PEPNRMYFGFPLAC,False,20min,0.3333333333333333,68.744
2,LIB044,PEPNRMYFGFPLAC,False,30min,0.5,59.813
2,LIB044,PEPNRMYFGFPLAC,False,1hr,1.0,51.338
2,LIB044,PEPNRMYFGFPLAC,False,2hr,2.0,46.308
2,LIB044,PEPNRMYFGFPLAC,False,8hr,8.0,37.344
2,LIB044,PEPNRMYFGFPLAC,False,16hr,16.0,19.085
2,LIB044,PEPNRMYFGFPLAC,False,24hr,24.0,16.27
2,LIB044,PEPNRMYFGFPLAC,False,36hr,36.0,12.595
2,LIB044,PEPNRMYFGFPLAC,False,48hr,48.0,11.745
2,LIB044,PEPNRMYFGFPLAC,False,72hr,72.0,5.036
3,LIB044,PEPNRMYFGFPLAC,False,pre-bleed,,1.093
3,LIB044,PEPNRMYFGFPLAC,False,5min,0.08333333333333333,92.22
3,LIB044,PEPNRMYFGFPLAC,False,20min,0.3333333333333333,64.748
3,LIB044,PEPNRMYFGFPLAC,False,30min,0.5,65.81
3,LIB044,PEPNRMYFGFPLAC,False,1hr,1.0,40.65
3,LIB044,PEPNRMYFGFPLAC,False,2hr,2.0,29.093
3,LIB044,PEPNRMYFGFPLAC,False,8hr,8.0,35.051
3,LIB044,PEPNRMYFGFPLAC,False,16hr,16.0,25.92
3,LIB044,PEPNRMYFGFPLAC,False,24hr,24.0,23.691
3,LIB044,PEPNRMYFGFPLAC,False,36hr,36.0,18.168
3,LIB044,PEPNRMYFGFPLAC,False,48hr,48.0,13.924
3,LIB044,PEPNRMYFGFPLAC,False,72hr,72.0,9.622
1,LIB045,PEPNRMYFGFPIAC,False,pre-bleed,,0.901
1,LIB045,PEPNRMYFGFPIAC,False,5min,0.08333333333333333,82.025
1,LIB045,PEPNRMYFGFPIAC,False,20min,0.3333333333333333,59.39
1,LIB045,PEPNRMYFGFPIAC,False,30min,0.5,43.847
1,LIB045,PEPNRMYFGFPIAC,False,1hr,1.0,27.367
1,LIB045,PEPNRMYFGFPIAC,False,2hr,2.0,32.978
1,LIB045,PEPNRMYFGFPIAC,False,8hr,8.0,22.086
1,LIB045,PEPNRMYFGFPIAC,False,16hr,16.0,22.688
1,LIB045,PEPNRMYFGFPIAC,False,24hr,24.0,16.628
1,LIB045,PEPNRMYFGFPIAC,False,36hr,36.0,12.355
1,LIB045,PEPNRMYFGFPIAC,False,48hr,48.0,10.224
1,LIB045,PEPNRMYFGFPIAC,False,72hr,72.0,6.358
2,LIB045,PEPNRMYFGFPIAC,False,pre-bleed,,1.519
2,LIB045,PEPNRMYFGFPIAC,False,5min,0.08333333333333333,75.425
2,LIB045,PEPNRMYFGFPIAC,False,20min,0.3333333333333333,52.863
2,LIB045,PEPNRMYFGFPIAC,False,30min,0.5,39.542
2,LIB045,PEPNRMYFGFPIAC,False,1hr,1.0,40.302
2,LIB045,PEPNRMYFGFPIAC,False,2hr,2.0,31.146
2,LIB045,PEPNRMYFGFPIAC,False,8hr,8.0,18.715
2,LIB045,PEPNRMYFGFPIAC,False,16hr,16.0,19.464
2,LIB045,PEPNRMYFGFPIAC,False,24hr,24.0,14.508
2,LIB045,PEPNRMYFGFPIAC,False,36hr,36.0,14.741
2,LIB045,PEPNRMYFGFPIAC,False,48hr,48.0,6.673
2,LIB045,PEPNRMYFGFPIAC,False,72hr,72.0,3.942
3,LIB045,PEPNRMYFGFPIAC,False,pre-bleed,,1.255
3,LIB045,PEPNRMYFGFPIAC,False,5min,0.08333333333333333,75.33
3,LIB045,PEPNRMYFGFPIAC,False,20min,0.3333333333333333,58.603
3,LIB045,PEPNRMYFGFPIAC,False,30min,0.5,59.606
3,LIB045,PEPNRMYFGFPIAC,False,1hr,1.0,54.239
3,LIB045,PEPNRMYFGFPIAC,False,2hr,2.0,36.581
3,LIB045,PEPNRMYFGFPIAC,False,8hr,8.0,33.543
3,LIB045,PEPNRMYFGFPIAC,False,16hr,16.0,31.758
3,LIB045,PEPNRMYFGFPIAC,False,24hr,24.0,29.875
3,LIB045,PEPNRMYFGFPIAC,False,36hr,36.0,17.478
3,LIB045,PEPNRMYFGFPIAC,False,48hr,48.0,14.555
3,LIB045,PEPNRMYFGFPIAC,False,72hr,72.0,10.953
1,LIB046,PEPNRMYWGFPDAC,False,pre-bleed,,1.105
1,LIB046,PEPNRMYWGFPDAC,False,5min,0.08333333333333333,70.646
1,LIB046,PEPNRMYWGFPDAC,False,20min,0.3333333333333333,51.458
1,LIB046,PEPNRMYWGFPDAC,False,30min,0.5,50.297
1,LIB046,PEPNRMYWGFPDAC,False,1hr,1.0,40.441
1,LIB046,PEPNRMYWGFPDAC,False,2hr,2.0,30.145
1,LIB046,PEPNRMYWGFPDAC,False,8hr,8.0,25.496
1,LIB046,PEPNRMYWGFPDAC,False,16hr,16.0,21.401
1,LIB046,PEPNRMYWGFPDAC,False,24hr,24.0,14.511
1,LIB046,PEPNRMYWGFPDAC,False,36hr,36.0,12.451
1,LIB046,PEPNRMYWGFPDAC,False,48hr,48.0,9.094
1,LIB046,PEPNRMYWGFPDAC,False,72hr,72.0,5.869
2,LIB046,PEPNRMYWGFPDAC,False,pre-bleed,,1.177
2,LIB046,PEPNRMYWGFPDAC,False,5min,0.08333333333333333,78.862
2,LIB046,PEPNRMYWGFPDAC,False,20min,0.3333333333333333,63.234
2,LIB046,PEPNRMYWGFPDAC,False,30min,0.5,42.473
2,LIB046,PEPNRMYWGFPDAC,False,1hr,1.0,34.425
2,LIB046,PEPNRMYWGFPDAC,False,2hr,2.0,32.66
2,LIB046,PEPNRMYWGFPDAC,False,8hr,8.0,28.276
2,LIB046,PEPNRMYWGFPDAC,False,16hr,16.0,15.249
2,LIB046,PEPNRMYWGFPDAC,False,24hr,24.0,8.954
2,LIB046,PEPNRMYWGFPDAC,False,36hr,36.0,5.477
2,LIB046,PEPNRMYWGFPDAC,False,48hr,48.0,3.871
2,LIB046,PEPNRMYWGFPDAC,False,72hr,72.0,2.065
3,LIB046,PEPNRMYWGFPDAC,False,pre-bleed,,0.94
3,LIB046,PEPNRMYWGFPDAC,False,5min,0.08333333333333333,97.122
3,LIB046,PEPNRMYWGFPDAC,False,20min,0.3333333333333333,59.985
3,LIB046,PEPNRMYWGFPDAC,False,30min,0.5,46.714
3,LIB046,PEPNRMYWGFPDAC,False,1hr,1.0,34.799
3,LIB046,PEPNRMYWGFPDAC,False,2hr,2.0,32.009
3,LIB046,PEPNRMYWGFPDAC,False,8hr,8.0,29.027
3,LIB046,PEPNRMYWGFPDAC,False,16hr,16.0,23.538
3,LIB046,PEPNRMYWGFPDAC,False,24hr,24.0,15.868
3,LIB046,PEPNRMYWGFPDAC,False,36hr,36.0,12.424
3,LIB046,PEPNRMYWGFPDAC,False,48hr,48.0,7.241
3,LIB046,PEPNRMYWGFPDAC,False,72hr,72.0,4.837
1,LIB047,PEPNRMYWGFPEAC,False,pre-bleed,,1.329
1,LIB047,PEPNRMYWGFPEAC,False,5min,0.08333333333333333,92.084
1,LIB047,PEPNRMYWGFPEAC,False,20min,0.3333333333333333,63.465
1,LIB047,PEPNRMYWGFPEAC,False,30min,0.5,53.224
1,LIB047,PEPNRMYWGFPEAC,False,1hr,1.0,41.352
1,LIB047,PEPNRMYWGFPEAC,False,2hr,2.0,39.505
1,LIB047,PEPNRMYWGFPEAC,False,8hr,8.0,33.664
1,LIB047,PEPNRMYWGFPEAC,False,16hr,16.0,21.94
1,LIB047,PEPNRMYWGFPEAC,False,24hr,24.0,18.187
1,LIB047,PEPNRMYWGFPEAC,False,36hr,36.0,10.454
1,LIB047,PEPNRMYWGFPEAC,False,48hr,48.0,8.26
1,LIB047,PEPNRMYWGFPEAC,False,72hr,72.0,3.72
2,LIB047,PEPNRMYWGFPEAC,False,pre-bleed,,0.973
2,LIB047,PEPNRMYWGFPEAC,False,5min,0.08333333333333333,120.598
2,LIB047,PEPNRMYWGFPEAC,False,20min,0.3333333333333333,81.257
2,LIB047,PEPNRMYWGFPEAC,False,30min,0.5,66.263
2,LIB047,PEPNRMYWGFPEAC,False,1hr,1.0,54.788
2,LIB047,PEPNRMYWGFPEAC,False,2hr,2.0,39.962
2,LIB047,PEPNRMYWGFPEAC,False,8hr,8.0,33.36
2,LIB047,PEPNRMYWGFPEAC,False,16hr,16.0,22.393
2,LIB047,PEPNRMYWGFPEAC,False,24hr,24.0,17.414
2,LIB047,PEPNRMYWGFPEAC,False,36hr,36.0,8.857
2,LIB047,PEPNRMYWGFPEAC,False,48hr,48.0,5.992
2,LIB047,PEPNRMYWGFPEAC,False,72hr,72.0,2.406
3,LIB047,PEPNRMYWGFPEAC,False,pre-bleed,,1.687
3,LIB047,PEPNRMYWGFPEAC,False,5min,0.08333333333333333,81.031
3,LIB047,PEPNRMYWGFPEAC,False,20min,0.3333333333333333,64.632
3,LIB047,PEPNRMYWGFPEAC,False,30min,0.5,64.738
3,LIB047,PEPNRMYWGFPEAC,False,1hr,1.0,43.475
3,LIB047,PEPNRMYWGFPEAC,False,2hr,2.0,28.039
3,LIB047,PEPNRMYWGFPEAC,False,8hr,8.0,26.777
3,LIB047,PEPNRMYWGFPEAC,False,16hr,16.0,25.996
3,LIB047,PEPNRMYWGFPEAC,False,24hr,24.0,16.655
3,LIB047,PEPNRMYWGFPEAC,False,36hr,36.0,10.166
3,LIB047,PEPNRMYWGFPEAC,False,48hr,48.0,10.439
3,LIB047,PEPNRMYWGFPEAC,False,72hr,72.0,5.188
1,LIB048,PEPNRMYWGFPMAC,False,pre-bleed,,1.185
1,LIB048,PEPNRMYWGFPMAC,False,5min,0.08333333333333333,91.695
1,LIB048,PEPNRMYWGFPMAC,False,20min,0.3333333333333333,61.37
1,LIB048,PEPNRMYWGFPMAC,False,30min,0.5,51.006
1,LIB048,PEPNRMYWGFPMAC,False,1hr,1.0,37.63
1,LIB048,PEPNRMYWGFPMAC,False,2hr,2.0,38.536
1,LIB048,PEPNRMYWGFPMAC,False,8hr,8.0,27.015
1,LIB048,PEPNRMYWGFPMAC,False,16hr,16.0,20.689
1,LIB048,PEPNRMYWGFPMAC,False,24hr,24.0,21.918
1,LIB048,PEPNRMYWGFPMAC,False,36hr,36.0,16.692
1,LIB048,PEPNRMYWGFPMAC,False,48hr,48.0,12.55
1,LIB048,PEPNRMYWGFPMAC,False,72hr,72.0,7.421
2,LIB048,PEPNRMYWGFPMAC,False,pre-bleed,,0.96
2,LIB048,PEPNRMYWGFPMAC,False,5min,0.08333333333333333,120.598
2,LIB048,PEPNRMYWGFPMAC,False,20min,0.3333333333333333,47.24
2,LIB048,PEPNRMYWGFPMAC,False,30min,0.5,57.547
2,LIB048,PEPNRMYWGFPMAC,False,1hr,1.0,30.109
2,LIB048,PEPNRMYWGFPMAC,False,2hr,2.0,32.879
2,LIB048,PEPNRMYWGFPMAC,False,8hr,8.0,25.58
2,LIB048,PEPNRMYWGFPMAC,False,16hr,16.0,15.482
2,LIB048,PEPNRMYWGFPMAC,False,24hr,24.0,17.885
2,LIB048,PEPNRMYWGFPMAC,False,36hr,36.0,11.13
2,LIB048,PEPNRMYWGFPMAC,False,48hr,48.0,6.195
2,LIB048,PEPNRMYWGFPMAC,False,72hr,72.0,4.923
3,LIB048,PEPNRMYWGFPMAC,False,pre-bleed,,1.33
3,LIB048,PEPNRMYWGFPMAC,False,5min,0.08333333333333333,120.973
3,LIB048,PEPNRMYWGFPMAC,False,20min,0.3333333333333333,84.187
3,LIB048,PEPNRMYWGFPMAC,False,30min,0.5,57.025
3,LIB048,PEPNRMYWGFPMAC,False,1hr,1.0,48.012
3,LIB048,PEPNRMYWGFPMAC,False,2hr,2.0,41.141
3,LIB048,PEPNRMYWGFPMAC,False,8hr,8.0,27.583
3,LIB048,PEPNRMYWGFPMAC,False,16hr,16.0,29.682
3,LIB048,PEPNRMYWGFPMAC,False,24hr,24.0,30.329
3,LIB048,PEPNRMYWGFPMAC,False,36hr,36.0,19.582
3,LIB048,PEPNRMYWGFPMAC,False,48hr,48.0,16.558
3,LIB048,PEPNRMYWGFPMAC,False,72hr,72.0,8.83
1,LIB049,PEPNRMYWGFPLAC,False,pre-bleed,,1.07
1,LIB049,PEPNRMYWGFPLAC,False,5min,0.08333333333333333,102.193
1,LIB049,PEPNRMYWGFPLAC,False,20min,0.3333333333333333,55.964
1,LIB049,PEPNRMYWGFPLAC,False,30min,0.5,58.883
1,LIB049,PEPNRMYWGFPLAC,False,1hr,1.0,39.402
1,LIB049,PEPNRMYWGFPLAC,False,2hr,2.0,36.103
1,LIB049,PEPNRMYWGFPLAC,False,8hr,8.0,32.535
1,LIB049,PEPNRMYWGFPLAC,False,16hr,16.0,29.917
1,LIB049,PEPNRMYWGFPLAC,False,24hr,24.0,23.49
1,LIB049,PEPNRMYWGFPLAC,False,36hr,36.0,21.964
1,LIB049,PEPNRMYWGFPLAC,False,48hr,48.0,15.813
1,LIB049,PEPNRMYWGFPLAC,False,72hr,72.0,10.841
2,LIB049,PEPNRMYWGFPLAC,False,pre-bleed,,0.894
2,LIB049,PEPNRMYWGFPLAC,False,5min,0.08333333333333333,74.166
2,LIB049,PEPNRMYWGFPLAC,False,20min,0.3333333333333333,78.309
2,LIB049,PEPNRMYWGFPLAC,False,30min,0.5,57.601
2,LIB049,PEPNRMYWGFPLAC,False,1hr,1.0,29.882
2,LIB049,PEPNRMYWGFPLAC,False,2hr,2.0,38.905
2,LIB049,PEPNRMYWGFPLAC,False,8hr,8.0,24.794
2,LIB049,PEPNRMYWGFPLAC,False,16hr,16.0,27.043
2,LIB049,PEPNRMYWGFPLAC,False,24hr,24.0,17.154
2,LIB049,PEPNRMYWGFPLAC,False,36hr,36.0,12.994
2,LIB049,PEPNRMYWGFPLAC,False,48hr,48.0,10.963
2,LIB049,PEPNRMYWGFPLAC,False,72hr,72.0,4.604
3,LIB049,PEPNRMYWGFPLAC,False,pre-bleed,,0.652
3,LIB049,PEPNRMYWGFPLAC,False,5min,0.08333333333333333,87.899
3,LIB049,PEPNRMYWGFPLAC,False,20min,0.3333333333333333,52.242
3,LIB049,PEPNRMYWGFPLAC,False,30min,0.5,45.015
3,LIB049,PEPNRMYWGFPLAC,False,1hr,1.0,29.172
3,LIB049,PEPNRMYWGFPLAC,False,2hr,2.0,29.628
3,LIB049,PEPNRMYWGFPLAC,False,8hr,8.0,28.065
3,LIB049,PEPNRMYWGFPLAC,False,16hr,16.0,26.448
3,LIB049,PEPNRMYWGFPLAC,False,24hr,24.0,18.699
3,LIB049,PEPNRMYWGFPLAC,False,36hr,36.0,19.132
3,LIB049,PEPNRMYWGFPLAC,False,48hr,48.0,11.75
3,LIB049,PEPNRMYWGFPLAC,False,72hr,72.0,7.44
1,LIB050,PEPNRMYWGFPIAC,False,pre-bleed,,1.457
1,LIB050,PEPNRMYWGFPIAC,False,5min,0.08333333333333333,116.456
1,LIB050,PEPNRMYWGFPIAC,False,20min,0.3333333333333333,64.018
1,LIB050,PEPNRMYWGFPIAC,False,30min,0.5,58.952
1,LIB050,PEPNRMYWGFPIAC,False,1hr,1.0,45.221
1,LIB050,PEPNRMYWGFPIAC,False,2hr,2.0,35.374
1,LIB050,PEPNRMYWGFPIAC,False,8hr,8.0,34.904
1,LIB050,PEPNRMYWGFPIAC,False,16hr,16.0,30.494
1,LIB050,PEPNRMYWGFPIAC,False,24hr,24.0,29.957
1,LIB050,PEPNRMYWGFPIAC,False,36hr,36.0,24.438
1,LIB050,PEPNRMYWGFPIAC,False,48hr,48.0,16.854
1,LIB050,PEPNRMYWGFPIAC,False,72hr,72.0,11.398
2,LIB050,PEPNRMYWGFPIAC,False,pre-bleed,,1.039
2,LIB050,PEPNRMYWGFPIAC,False,5min,0.08333333333333333,77.868
2,LIB050,PEPNRMYWGFPIAC,False,20min,0.3333333333333333,78.966
2,LIB050,PEPNRMYWGFPIAC,False,30min,0.5,51.059
2,LIB050,PEPNRMYWGFPIAC,False,1hr,1.0,52.406
2,LIB050,PEPNRMYWGFPIAC,False,2hr,2.0,33.307
2,LIB050,PEPNRMYWGFPIAC,False,8hr,8.0,31.947
2,LIB050,PEPNRMYWGFPIAC,False,16hr,16.0,35.806
2,LIB050,PEPNRMYWGFPIAC,False,24hr,24.0,16.741
2,LIB050,PEPNRMYWGFPIAC,False,36hr,36.0,10.783
2,LIB050,PEPNRMYWGFPIAC,False,48hr,48.0,12.704
2,LIB050,PEPNRMYWGFPIAC,False,72hr,72.0,5.273
3,LIB050,PEPNRMYWGFPIAC,False,pre-bleed,,1.028
3,LIB050,PEPNRMYWGFPIAC,False,5min,0.08333333333333333,90.684
3,LIB050,PEPNRMYWGFPIAC,False,20min,0.3333333333333333,52.899
3,LIB050,PEPNRMYWGFPIAC,False,30min,0.5,46.001
3,LIB050,PEPNRMYWGFPIAC,False,1hr,1.0,36.923
3,LIB050,PEPNRMYWGFPIAC,False,2hr,2.0,29.751
3,LIB050,PEPNRMYWGFPIAC,False,8hr,8.0,29.522
3,LIB050,PEPNRMYWGFPIAC,False,16hr,16.0,26.924
3,LIB050,PEPNRMYWGFPIAC,False,24hr,24.0,21.902
3,LIB050,PEPNRMYWGFPIAC,False,36hr,36.0,17.767
3,LIB050,PEPNRMYWGFPIAC,False,48hr,48.0,14.641
3,LIB050,PEPNRMYWGFPIAC,False,72hr,72.0,8.946
1,LIB051,PEPTRMYGGFPDAC,False,pre-bleed,,1.552
1,LIB051,PEPTRMYGGFPDAC,False,5min,0.08333333333333333,97.728
1,LIB051,PEPTRMYGGFPDAC,False,20min,0.3333333333333333,77.354
1,LIB051,PEPTRMYGGFPDAC,False,30min,0.5,55.343
1,LIB051,PEPTRMYGGFPDAC,False,1hr,1.0,25.491
1,LIB051,PEPTRMYGGFPDAC,False,2hr,2.0,16.201
1,LIB051,PEPTRMYGGFPDAC,False,8hr,8.0,2.282
1,LIB051,PEPTRMYGGFPDAC,False,16hr,16.0,1.618
1,LIB051,PEPTRMYGGFPDAC,False,24hr,24.0,1.609
1,LIB051,PEPTRMYGGFPDAC,False,36hr,36.0,1.609
1,LIB051,PEPTRMYGGFPDAC,False,48hr,48.0,1.609
1,LIB051,PEPTRMYGGFPDAC,False,72hr,72.0,1.609
2,LIB051,PEPTRMYGGFPDAC,False,pre-bleed,,0.927
2,LIB051,PEPTRMYGGFPDAC,False,5min,0.08333333333333333,61.82
2,LIB051,PEPTRMYGGFPDAC,False,20min,0.3333333333333333,44.831
2,LIB051,PEPTRMYGGFPDAC,False,30min,0.5,32.246
2,LIB051,PEPTRMYGGFPDAC,False,1hr,1.0,21.575
2,LIB051,PEPTRMYGGFPDAC,False,2hr,2.0,8.007
2,LIB051,PEPTRMYGGFPDAC,False,8hr,8.0,1.166
2,LIB051,PEPTRMYGGFPDAC,False,16hr,16.0,1.124
2,LIB051,PEPTRMYGGFPDAC,False,24hr,24.0,1.124
2,LIB051,PEPTRMYGGFPDAC,False,36hr,36.0,1.124
2,LIB051,PEPTRMYGGFPDAC,False,48hr,48.0,1.124
2,LIB051,PEPTRMYGGFPDAC,False,72hr,72.0,1.124
3,LIB051,PEPTRMYGGFPDAC,False,pre-bleed,,1.547
3,LIB051,PEPTRMYGGFPDAC,False,5min,0.08333333333333333,68.541
3,LIB051,PEPTRMYGGFPDAC,False,20min,0.3333333333333333,66.66
3,LIB051,PEPTRMYGGFPDAC,False,30min,0.5,50.851
3,LIB051,PEPTRMYGGFPDAC,False,1hr,1.0,29.651
3,LIB051,PEPTRMYGGFPDAC,False,2hr,2.0,15.719
3,LIB051,PEPTRMYGGFPDAC,False,8hr,8.0,1.923
3,LIB051,PEPTRMYGGFPDAC,False,16hr,16.0,1.462
3,LIB051,PEPTRMYGGFPDAC,False,24hr,24.0,1.457
3,LIB051,PEPTRMYGGFPDAC,False,36hr,36.0,1.457
3,LIB051,PEPTRMYGGFPDAC,False,48hr,48.0,1.457
3,LIB051,PEPTRMYGGFPDAC,False,72hr,72.0,1.457
1,LIB052,PEPTRMYGGFPEAC,False,pre-bleed,,1.353
1,LIB052,PEPTRMYGGFPEAC,False,5min,0.08333333333333333,93.404
1,LIB052,PEPTRMYGGFPEAC,False,20min,0.3333333333333333,54.013
1,LIB052,PEPTRMYGGFPEAC,False,30min,0.5,43.668
1,LIB052,PEPTRMYGGFPEAC,False,1hr,1.0,26.208
1,LIB052,PEPTRMYGGFPEAC,False,2hr,2.0,17.546
1,LIB052,PEPTRMYGGFPEAC,False,8hr,8.0,3.241
1,LIB052,PEPTRMYGGFPEAC,False,16hr,16.0,1.788
1,LIB052,PEPTRMYGGFPEAC,False,24hr,24.0,1.756
1,LIB052,PEPTRMYGGFPEAC,False,36hr,36.0,1.754
1,LIB052,PEPTRMYGGFPEAC,False,48hr,48.0,1.754
1,LIB052,PEPTRMYGGFPEAC,False,72hr,72.0,1.754
2,LIB052,PEPTRMYGGFPEAC,False,pre-bleed,,2.018
2,LIB052,PEPTRMYGGFPEAC,False,5min,0.08333333333333333,107.074
2,LIB052,PEPTRMYGGFPEAC,False,20min,0.3333333333333333,47.304
2,LIB052,PEPTRMYGGFPEAC,False,30min,0.5,46.784
2,LIB052,PEPTRMYGGFPEAC,False,1hr,1.0,21.225
2,LIB052,PEPTRMYGGFPEAC,False,2hr,2.0,9.56
2,LIB052,PEPTRMYGGFPEAC,False,8hr,8.0,1.771
2,LIB052,PEPTRMYGGFPEAC,False,16hr,16.0,1.399
2,LIB052,PEPTRMYGGFPEAC,False,24hr,24.0,1.396
2,LIB052,PEPTRMYGGFPEAC,False,36hr,36.0,1.396
2,LIB052,PEPTRMYGGFPEAC,False,48hr,48.0,1.396
2,LIB052,PEPTRMYGGFPEAC,False,72hr,72.0,1.396
3,LIB052,PEPTRMYGGFPEAC,False,pre-bleed,,1.729
3,LIB052,PEPTRMYGGFPEAC,False,5min,0.08333333333333333,77.758
3,LIB052,PEPTRMYGGFPEAC,False,20min,0.3333333333333333,62.614
3,LIB052,PEPTRMYGGFPEAC,False,30min,0.5,48.42
3,LIB052,PEPTRMYGGFPEAC,False,1hr,1.0,32.313
3,LIB052,PEPTRMYGGFPEAC,False,2hr,2.0,20.556
3,LIB052,PEPTRMYGGFPEAC,False,8hr,8.0,3.155
3,LIB052,PEPTRMYGGFPEAC,False,16hr,16.0,1.547
3,LIB052,PEPTRMYGGFPEAC,False,24hr,24.0,1.475
3,LIB052,PEPTRMYGGFPEAC,False,36hr,36.0,1.471
3,LIB052,PEPTRMYGGFPEAC,False,48hr,48.0,1.471
3,LIB052,PEPTRMYGGFPEAC,False,72hr,72.0,1.471
1,LIB053,PEPTRMYGGFPMAC,False,pre-bleed,,1.784
1,LIB053,PEPTRMYGGFPMAC,False,5min,0.08333333333333333,82.751
1,LIB053,PEPTRMYGGFPMAC,False,20min,0.3333333333333333,56.137
1,LIB053,PEPTRMYGGFPMAC,False,30min,0.5,48.251
1,LIB053,PEPTRMYGGFPMAC,False,1hr,1.0,33.996
1,LIB053,PEPTRMYGGFPMAC,False,2hr,2.0,37.107
1,LIB053,PEPTRMYGGFPMAC,False,8hr,8.0,18.798
1,LIB053,PEPTRMYGGFPMAC,False,16hr,16.0,9.872
1,LIB053,PEPTRMYGGFPMAC,False,24hr,24.0,6.557
1,LIB053,PEPTRMYGGFPMAC,False,36hr,36.0,3.235
1,LIB053,PEPTRMYGGFPMAC,False,48hr,48.0,2.44
1,LIB053,PEPTRMYGGFPMAC,False,72hr,72.0,1.654
2,LIB053,PEPTRMYGGFPMAC,False,pre-bleed,,1.396
2,LIB053,PEPTRMYGGFPMAC,False,5min,0.08333333333333333,92.121
2,LIB053,PEPTRMYGGFPMAC,False,20min,0.3333333333333333,61.237
2,LIB053,PEPTRMYGGFPMAC,False,30min,0.5,52.645
2,LIB053,PEPTRMYGGFPMAC,False,1hr,1.0,51.307
2,LIB053,PEPTRMYGGFPMAC,False,2hr,2.0,30.901
2,LIB053,PEPTRMYGGFPMAC,False,8hr,8.0,15.085
2,LIB053,PEPTRMYGGFPMAC,False,16hr,16.0,7.526
2,LIB053,PEPTRMYGGFPMAC,False,24hr,24.0,4.826
2,LIB053,PEPTRMYGGFPMAC,False,36hr,36.0,2.291
2,LIB053,PEPTRMYGGFPMAC,False,48hr,48.0,1.641
2,LIB053,PEPTRMYGGFPMAC,False,72hr,72.0,1.411
3,LIB053,PEPTRMYGGFPMAC,False,pre-bleed,,1.812
3,LIB053,PEPTRMYGGFPMAC,False,5min,0.08333333333333333,81.16
3,LIB053,PEPTRMYGGFPMAC,False,20min,0.3333333333333333,56.065
3,LIB053,PEPTRMYGGFPMAC,False,30min,0.5,52.045
3,LIB053,PEPTRMYGGFPMAC,False,1hr,1.0,46.844
3,LIB053,PEPTRMYGGFPMAC,False,2hr,2.0,27.304
3,LIB053,PEPTRMYGGFPMAC,False,8hr,8.0,23.131
3,LIB053,PEPTRMYGGFPMAC,False,16hr,16.0,11.772
3,LIB053,PEPTRMYGGFPMAC,False,24hr,24.0,7.905
3,LIB053,PEPTRMYGGFPMAC,False,36hr,36.0,4.393
3,LIB053,PEPTRMYGGFPMAC,False,48hr,48.0,2.789
3,LIB053,PEPTRMYGGFPMAC,False,72hr,72.0,1.809
1,LIB054,PEPTRMYGGFPLAC,False,pre-bleed,,1.819
1,LIB054,PEPTRMYGGFPLAC,False,5min,0.08333333333333333,95.599
1,LIB054,PEPTRMYGGFPLAC,False,20min,0.3333333333333333,50.494
1,LIB054,PEPTRMYGGFPLAC,False,30min,0.5,51.854
1,LIB054,PEPTRMYGGFPLAC,False,1hr,1.0,41.23
1,LIB054,PEPTRMYGGFPLAC,False,2hr,2.0,30.354
1,LIB054,PEPTRMYGGFPLAC,False,8hr,8.0,26.494
1,LIB054,PEPTRMYGGFPLAC,False,16hr,16.0,19.018
1,LIB054,PEPTRMYGGFPLAC,False,24hr,24.0,17.03
1,LIB054,PEPTRMYGGFPLAC,False,36hr,36.0,10.916
1,LIB054,PEPTRMYGGFPLAC,False,48hr,48.0,5.321
1,LIB054,PEPTRMYGGFPLAC,False,72hr,72.0,3.739
2,LIB054,PEPTRMYGGFPLAC,False,pre-bleed,,1.34
2,LIB054,PEPTRMYGGFPLAC,False,5min,0.08333333333333333,81.38
2,LIB054,PEPTRMYGGFPLAC,False,20min,0.3333333333333333,65.643
2,LIB054,PEPTRMYGGFPLAC,False,30min,0.5,52.613
2,LIB054,PEPTRMYGGFPLAC,False,1hr,1.0,44.67
2,LIB054,PEPTRMYGGFPLAC,False,2hr,2.0,30.109
2,LIB054,PEPTRMYGGFPLAC,False,8hr,8.0,18.778
2,LIB054,PEPTRMYGGFPLAC,False,16hr,16.0,13.256
2,LIB054,PEPTRMYGGFPLAC,False,24hr,24.0,7.374
2,LIB054,PEPTRMYGGFPLAC,False,36hr,36.0,3.849
2,LIB054,PEPTRMYGGFPLAC,False,48hr,48.0,2.101
2,LIB054,PEPTRMYGGFPLAC,False,72hr,72.0,1.383
3,LIB054,PEPTRMYGGFPLAC,False,pre-bleed,,1.635
3,LIB054,PEPTRMYGGFPLAC,False,5min,0.08333333333333333,97.258
3,LIB054,PEPTRMYGGFPLAC,False,20min,0.3333333333333333,65.994
3,LIB054,PEPTRMYGGFPLAC,False,30min,0.5,48.832
3,LIB054,PEPTRMYGGFPLAC,False,1hr,1.0,33.19
3,LIB054,PEPTRMYGGFPLAC,False,2hr,2.0,37.871
3,LIB054,PEPTRMYGGFPLAC,False,8hr,8.0,23.671
3,LIB054,PEPTRMYGGFPLAC,False,16hr,16.0,16.57
3,LIB054,PEPTRMYGGFPLAC,False,24hr,24.0,11.042
3,LIB054,PEPTRMYGGFPLAC,False,36hr,36.0,6.425
3,LIB054,PEPTRMYGGFPLAC,False,48hr,48.0,4.076
3,LIB054,PEPTRMYGGFPLAC,False,72hr,72.0,2.562
1,LIB055,PEPTRMYGGFPIAC,False,pre-bleed,,1.293
1,LIB055,PEPTRMYGGFPIAC,False,5min,0.08333333333333333,102.125
1,LIB055,PEPTRMYGGFPIAC,False,20min,0.3333333333333333,66.798
1,LIB055,PEPTRMYGGFPIAC,False,30min,0.5,61.125
1,LIB055,PEPTRMYGGFPIAC,False,1hr,1.0,34.437
1,LIB055,PEPTRMYGGFPIAC,False,2hr,2.0,30.556
1,LIB055,PEPTRMYGGFPIAC,False,8hr,8.0,22.137
1,LIB055,PEPTRMYGGFPIAC,False,16hr,16.0,14.95
1,LIB055,PEPTRMYGGFPIAC,False,24hr,24.0,13.649
1,LIB055,PEPTRMYGGFPIAC,False,36hr,36.0,7.03
1,LIB055,PEPTRMYGGFPIAC,False,48hr,48.0,5.16
1,LIB055,PEPTRMYGGFPIAC,False,72hr,72.0,2.82
2,LIB055,PEPTRMYGGFPIAC,False,pre-bleed,,1.852
2,LIB055,PEPTRMYGGFPIAC,False,5min,0.08333333333333333,99.877
2,LIB055,PEPTRMYGGFPIAC,False,20min,0.3333333333333333,59.045
2,LIB055,PEPTRMYGGFPIAC,False,30min,0.5,52.225
2,LIB055,PEPTRMYGGFPIAC,False,1hr,1.0,39.821
2,LIB055,PEPTRMYGGFPIAC,False,2hr,2.0,31.32
2,LIB055,PEPTRMYGGFPIAC,False,8hr,8.0,19.739
2,LIB055,PEPTRMYGGFPIAC,False,16hr,16.0,12.46
2,LIB055,PEPTRMYGGFPIAC,False,24hr,24.0,7.549
2,LIB055,PEPTRMYGGFPIAC,False,36hr,36.0,4.943
2,LIB055,PEPTRMYGGFPIAC,False,48hr,48.0,3.027
2,LIB055,PEPTRMYGGFPIAC,False,72hr,72.0,1.912
3,LIB055,PEPTRMYGGFPIAC,False,pre-bleed,,1.286
3,LIB055,PEPTRMYGGFPIAC,False,5min,0.08333333333333333,88.3
3,LIB055,PEPTRMYGGFPIAC,False,20min,0.3333333333333333,50.435
3,LIB055,PEPTRMYGGFPIAC,False,30min,0.5,38.458
3,LIB055,PEPTRMYGGFPIAC,False,1hr,1.0,39.142
3,LIB055,PEPTRMYGGFPIAC,False,2hr,2.0,29.842
3,LIB055,PEPTRMYGGFPIAC,False,8hr,8.0,22.972
3,LIB055,PEPTRMYGGFPIAC,False,16hr,16.0,16.847
3,LIB055,PEPTRMYGGFPIAC,False,24hr,24.0,13.309
3,LIB055,PEPTRMYGGFPIAC,False,36hr,36.0,7.308
3,LIB055,PEPTRMYGGFPIAC,False,48hr,48.0,4.316
3,LIB055,PEPTRMYGGFPIAC,False,72hr,72.0,2.555
1,LIB056,PEPTRMYAGFPDAC,False,pre-bleed,,0.95
1,LIB056,PEPTRMYAGFPDAC,False,5min,0.08333333333333333,107.11
1,LIB056,PEPTRMYAGFPDAC,False,20min,0.3333333333333333,74.345
1,LIB056,PEPTRMYAGFPDAC,False,30min,0.5,63.518
1,LIB056,PEPTRMYAGFPDAC,False,1hr,1.0,30.313
1,LIB056,PEPTRMYAGFPDAC,False,2hr,2.0,23.459
1,LIB056,PEPTRMYAGFPDAC,False,8hr,8.0,4.371
1,LIB056,PEPTRMYAGFPDAC,False,16hr,16.0,1.333
1,LIB056,PEPTRMYAGFPDAC,False,24hr,24.0,0.942
1,LIB056,PEPTRMYAGFPDAC,False,36hr,36.0,0.902
1,LIB056,PEPTRMYAGFPDAC,False,48hr,48.0,0.901
1,LIB056,PEPTRMYAGFPDAC,False,72hr,72.0,0.901
2,LIB056,PEPTRMYAGFPDAC,False,pre-bleed,,1.075
2,LIB056,PEPTRMYAGFPDAC,False,5min,0.08333333333333333,106.919
2,LIB056,PEPTRMYAGFPDAC,False,20min,0.3333333333333333,75.889
2,LIB056,PEPTRMYAGFPDAC,False,30min,0.5,59.891
2,LIB056,PEPTRMYAGFPDAC,False,1hr,1.0,28.171
2,LIB056,PEPTRMYAGFPDAC,False,2hr,2.0,12.687
2,LIB056,PEPTRMYAGFPDAC,False,8hr,8.0,2.631
2,LIB056,PEPTRMYAGFPDAC,False,16hr,16.0,1.326
2,LIB056,PEPTRMYAGFPDAC,False,24hr,24.0,1.207
2,LIB056,PEPTRMYAGFPDAC,False,36hr,36.0,1.202
2,LIB056,PEPTRMYAGFPDAC,False,48hr,48.0,1.202
2,LIB056,PEPTRMYAGFPDAC,False,72hr,72.0,1.202
3,LIB056,PEPTRMYAGFPDAC,False,pre-bleed,,1.657
3,LIB056,PEPTRMYAGFPDAC,False,5min,0.08333333333333333,90.883
3,LIB056,PEPTRMYAGFPDAC,False,20min,0.3333333333333333,62.905
3,LIB056,PEPTRMYAGFPDAC,False,30min,0.5,53.631
3,LIB056,PEPTRMYAGFPDAC,False,1hr,1.0,27.84
3,LIB056,PEPTRMYAGFPDAC,False,2hr,2.0,23.737
3,LIB056,PEPTRMYAGFPDAC,False,8hr,8.0,5.187
3,LIB056,PEPTRMYAGFPDAC,False,16hr,16.0,1.649
3,LIB056,PEPTRMYAGFPDAC,False,24hr,24.0,1.344
3,LIB056,PEPTRMYAGFPDAC,False,36hr,36.0,1.305
3,LIB056,PEPTRMYAGFPDAC,False,48hr,48.0,1.303
3,LIB056,PEPTRMYAGFPDAC,False,72hr,72.0,1.303
1,LIB057,PEPTRMYAGFPEAC,False,pre-bleed,,1.207
1,LIB057,PEPTRMYAGFPEAC,False,5min,0.08333333333333333,84.124
1,LIB057,PEPTRMYAGFPEAC,False,20min,0.3333333333333333,67.023
1,LIB057,PEPTRMYAGFPEAC,False,30min,0.5,46.872
1,LIB057,PEPTRMYAGFPEAC,False,1hr,1.0,44.073
1,LIB057,PEPTRMYAGFPEAC,False,2hr,2.0,23.378
1,LIB057,PEPTRMYAGFPEAC,False,8hr,8.0,9.079
1,LIB057,PEPTRMYAGFPEAC,False,16hr,16.0,2.265
1,LIB057,PEPTRMYAGFPEAC,False,24hr,24.0,1.376
1,LIB057,PEPTRMYAGFPEAC,False,36hr,36.0,1.168
1,LIB057,PEPTRMYAGFPEAC,False,48hr,48.0,1.154
1,LIB057,PEPTRMYAGFPEAC,False,72hr,72.0,1.153
2,LIB057,PEPTRMYAGFPEAC,False,pre-bleed,,1.037
2,LIB057,PEPTRMYAGFPEAC,False,5min,0.08333333333333333,128.483
2,LIB057,PEPTRMYAGFPEAC,False,20min,0.3333333333333333,59.115
2,LIB057,PEPTRMYAGFPEAC,False,30min,0.5,62.411
2,LIB057,PEPTRMYAGFPEAC,False,1hr,1.0,30.179
2,LIB057,PEPTRMYAGFPEAC,False,2hr,2.0,20.408
2,LIB057,PEPTRMYAGFPEAC,False,8hr,8.0,3.103
2,LIB057,PEPTRMYAGFPEAC,False,16hr,16.0,1.294
2,LIB057,PEPTRMYAGFPEAC,False,24hr,24.0,1.149
2,LIB057,PEPTRMYAGFPEAC,False,36hr,36.0,1.137
2,LIB057,PEPTRMYAGFPEAC,False,48hr,48.0,1.136
2,LIB057,PEPTRMYAGFPEAC,False,72hr,72.0,1.136
3,LIB057,PEPTRMYAGFPEAC,False,pre-bleed,,1.541
3,LIB057,PEPTRMYAGFPEAC,False,5min,0.08333333333333333,86.881
3,LIB057,PEPTRMYAGFPEAC,False,20min,0.3333333333333333,59.904
3,LIB057,PEPTRMYAGFPEAC,False,30min,0.5,73.821
3,LIB057,PEPTRMYAGFPEAC,False,1hr,1.0,41.783
3,LIB057,PEPTRMYAGFPEAC,False,2hr,2.0,24.465
3,LIB057,PEPTRMYAGFPEAC,False,8hr,8.0,7.96
3,LIB057,PEPTRMYAGFPEAC,False,16hr,16.0,2.537
3,LIB057,PEPTRMYAGFPEAC,False,24hr,24.0,1.808
3,LIB057,PEPTRMYAGFPEAC,False,36hr,36.0,1.663
3,LIB057,PEPTRMYAGFPEAC,False,48hr,48.0,1.658
3,LIB057,PEPTRMYAGFPEAC,False,72hr,72.0,1.657
1,LIB058,PEPTRMYAGFPMAC,False,pre-bleed,,2.206
1,LIB058,PEPTRMYAGFPMAC,False,5min,0.08333333333333333,72.92
1,LIB058,PEPTRMYAGFPMAC,False,20min,0.3333333333333333,52.903
1,LIB058,PEPTRMYAGFPMAC,False,30min,0.5,47.703
1,LIB058,PEPTRMYAGFPMAC,False,1hr,1.0,38.754
1,LIB058,PEPTRMYAGFPMAC,False,2hr,2.0,27.215
1,LIB058,PEPTRMYAGFPMAC,False,8hr,8.0,20.561
1,LIB058,PEPTRMYAGFPMAC,False,16hr,16.0,17.5
1,LIB058,PEPTRMYAGFPMAC,False,24hr,24.0,11.783
1,LIB058,PEPTRMYAGFPMAC,False,36hr,36.0,6.034
1,LIB058,PEPTRMYAGFPMAC,False,48hr,48.0,4.387
1,LIB058,PEPTRMYAGFPMAC,False,72hr,72.0,2.835
2,LIB058,PEPTRMYAGFPMAC,False,pre-bleed,,1.551
2,LIB058,PEPTRMYAGFPMAC,False,5min,0.08333333333333333,71.265
2,LIB058,PEPTRMYAGFPMAC,False,20min,0.3333333333333333,52.497
2,LIB058,PEPTRMYAGFPMAC,False,30min,0.5,52.406
2,LIB058,PEPTRMYAGFPMAC,False,1hr,1.0,37.413
2,LIB058,PEPTRMYAGFPMAC,False,2hr,2.0,36.228
2,LIB058,PEPTRMYAGFPMAC,False,8hr,8.0,18.582
2,LIB058,PEPTRMYAGFPMAC,False,16hr,16.0,14.43
2,LIB058,PEPTRMYAGFPMAC,False,24hr,24.0,9.979
2,LIB058,PEPTRMYAGFPMAC,False,36hr,36.0,4.852
2,LIB058,PEPTRMYAGFPMAC,False,48hr,48.0,2.845
2,LIB058,PEPTRMYAGFPMAC,False,72hr,72.0,1.667
3,LIB058,PEPTRMYAGFPMAC,False,pre-bleed,,1.191
3,LIB058,PEPTRMYAGFPMAC,False,5min,0.08333333333333333,77.529
3,LIB058,PEPTRMYAGFPMAC,False,20min,0.3333333333333333,58.566
3,LIB058,PEPTRMYAGFPMAC,False,30min,0.5,46.172
3,LIB058,PEPTRMYAGFPMAC,False,1hr,1.0,38.006
3,LIB058,PEPTRMYAGFPMAC,False,2hr,2.0,32.841
3,LIB058,PEPTRMYAGFPMAC,False,8hr,8.0,25.224
3,LIB058,PEPTRMYAGFPMAC,False,16hr,16.0,18.109
3,LIB058,PEPTRMYAGFPMAC,False,24hr,24.0,11.901
3,LIB058,PEPTRMYAGFPMAC,False,36hr,36.0,5.908
3,LIB058,PEPTRMYAGFPMAC,False,48hr,48.0,3.811
3,LIB058,PEPTRMYAGFPMAC,False,72hr,72.0,2.137
1,LIB059,PEPTRMYAGFPLAC,False,pre-bleed,,1.121
1,LIB059,PEPTRMYAGFPLAC,False,5min,0.08333333333333333,79.251
1,LIB059,PEPTRMYAGFPLAC,False,20min,0.3333333333333333,62.393
1,LIB059,PEPTRMYAGFPLAC,False,30min,0.5,46.798
1,LIB059,PEPTRMYAGFPLAC,False,1hr,1.0,46.849
1,LIB059,PEPTRMYAGFPLAC,False,2hr,2.0,32.946
1,LIB059,PEPTRMYAGFPLAC,False,8hr,8.0,24.599
1,LIB059,PEPTRMYAGFPLAC,False,16hr,16.0,18.521
1,LIB059,PEPTRMYAGFPLAC,False,24hr,24.0,13.964
1,LIB059,PEPTRMYAGFPLAC,False,36hr,36.0,9.099
1,LIB059,PEPTRMYAGFPLAC,False,48hr,48.0,6.97
1,LIB059,PEPTRMYAGFPLAC,False,72hr,72.0,2.747
2,LIB059,PEPTRMYAGFPLAC,False,pre-bleed,,1.807
2,LIB059,PEPTRMYAGFPLAC,False,5min,0.08333333333333333,81.995
2,LIB059,PEPTRMYAGFPLAC,False,20min,0.3333333333333333,66.486
2,LIB059,PEPTRMYAGFPLAC,False,30min,0.5,42.45
2,LIB059,PEPTRMYAGFPLAC,False,1hr,1.0,34.004
2,LIB059,PEPTRMYAGFPLAC,False,2hr,2.0,41.49
2,LIB059,PEPTRMYAGFPLAC,False,8hr,8.0,23.249
2,LIB059,PEPTRMYAGFPLAC,False,16hr,16.0,13.783
2,LIB059,PEPTRMYAGFPLAC,False,24hr,24.0,11.129
2,LIB059,PEPTRMYAGFPLAC,False,36hr,36.0,5.731
2,LIB059,PEPTRMYAGFPLAC,False,48hr,48.0,3.622
2,LIB059,PEPTRMYAGFPLAC,False,72hr,72.0,2.139
3,LIB059,PEPTRMYAGFPLAC,False,pre-bleed,,1.853
3,LIB059,PEPTRMYAGFPLAC,False,5min,0.08333333333333333,72.607
3,LIB059,PEPTRMYAGFPLAC,False,20min,0.3333333333333333,58.581
3,LIB059,PEPTRMYAGFPLAC,False,30min,0.5,40.62
3,LIB059,PEPTRMYAGFPLAC,False,1hr,1.0,41.743
3,LIB059,PEPTRMYAGFPLAC,False,2hr,2.0,27.192
3,LIB059,PEPTRMYAGFPLAC,False,8hr,8.0,27.519
3,LIB059,PEPTRMYAGFPLAC,False,16hr,16.0,16.144
3,LIB059,PEPTRMYAGFPLAC,False,24hr,24.0,15.453
3,LIB059,PEPTRMYAGFPLAC,False,36hr,36.0,8.534
3,LIB059,PEPTRMYAGFPLAC,False,48hr,48.0,4.983
3,LIB059,PEPTRMYAGFPLAC,False,72hr,72.0,2.81
1,LIB060,PEPTRMYAGFPIAC,False,pre-bleed,,1.339
1,LIB060,PEPTRMYAGFPIAC,False,5min,0.08333333333333333,96.352
1,LIB060,PEPTRMYAGFPIAC,False,20min,0.3333333333333333,59.972
1,LIB060,PEPTRMYAGFPIAC,False,30min,0.5,53.733
1,LIB060,PEPTRMYAGFPIAC,False,1hr,1.0,44.646
1,LIB060,PEPTRMYAGFPIAC,False,2hr,2.0,41.597
1,LIB060,PEPTRMYAGFPIAC,False,8hr,8.0,34.677
1,LIB060,PEPTRMYAGFPIAC,False,16hr,16.0,24.026
1,LIB060,PEPTRMYAGFPIAC,False,24hr,24.0,17.382
1,LIB060,PEPTRMYAGFPIAC,False,36hr,36.0,12.267
1,LIB060,PEPTRMYAGFPIAC,False,48hr,48.0,7.317
1,LIB060,PEPTRMYAGFPIAC,False,72hr,72.0,3.929
2,LIB060,PEPTRMYAGFPIAC,False,pre-bleed,,1.353
2,LIB060,PEPTRMYAGFPIAC,False,5min,0.08333333333333333,86.638
2,LIB060,PEPTRMYAGFPIAC,False,20min,0.3333333333333333,54.565
2,LIB060,PEPTRMYAGFPIAC,False,30min,0.5,47.897
2,LIB060,PEPTRMYAGFPIAC,False,1hr,1.0,33.88
2,LIB060,PEPTRMYAGFPIAC,False,2hr,2.0,32.743
2,LIB060,PEPTRMYAGFPIAC,False,8hr,8.0,20.132
2,LIB060,PEPTRMYAGFPIAC,False,16hr,16.0,16.011
2,LIB060,PEPTRMYAGFPIAC,False,24hr,24.0,11.358
2,LIB060,PEPTRMYAGFPIAC,False,36hr,36.0,5.501
2,LIB060,PEPTRMYAGFPIAC,False,48hr,48.0,3.762
2,LIB060,PEPTRMYAGFPIAC,False,72hr,72.0,1.851
3,LIB060,PEPTRMYAGFPIAC,False,pre-bleed,,1.509
3,LIB060,PEPTRMYAGFPIAC,False,5min,0.08333333333333333,101.914
3,LIB060,PEPTRMYAGFPIAC,False,20min,0.3333333333333333,53.516
3,LIB060,PEPTRMYAGFPIAC,False,30min,0.5,63.915
3,LIB060,PEPTRMYAGFPIAC,False,1hr,1.0,34.845
3,LIB060,PEPTRMYAGFPIAC,False,2hr,2.0,33.318
3,LIB060,PEPTRMYAGFPIAC,False,8hr,8.0,24.65
3,LIB060,PEPTRMYAGFPIAC,False,16hr,16.0,19.81
3,LIB060,PEPTRMYAGFPIAC,False,24hr,24.0,15.479
3,LIB060,PEPTRMYAGFPIAC,False,36hr,36.0,9.213
3,LIB060,PEPTRMYAGFPIAC,False,48hr,48.0,7.382
3,LIB060,PEPTRMYAGFPIAC,False,72hr,72.0,3.316
1,LIB061,PEPTRMYVGFPDAC,False,pre-bleed,,0.937
1,LIB061,PEPTRMYVGFPDAC,False,5min,0.08333333333333333,79.844
1,LIB061,PEPTRMYVGFPDAC,False,20min,0.3333333333333333,77.967
1,LIB061,PEPTRMYVGFPDAC,False,30min,0.5,46.391
1,LIB061,PEPTRMYVGFPDAC,False,1hr,1.0,30.031
1,LIB061,PEPTRMYVGFPDAC,False,2hr,2.0,26.958
1,LIB061,PEPTRMYVGFPDAC,False,8hr,8.0,14.328
1,LIB061,PEPTRMYVGFPDAC,False,16hr,16.0,6.353
1,LIB061,PEPTRMYVGFPDAC,False,24hr,24.0,3.021
1,LIB061,PEPTRMYVGFPDAC,False,36hr,36.0,1.489
1,LIB061,PEPTRMYVGFPDAC,False,48hr,48.0,1.118
1,LIB061,PEPTRMYVGFPDAC,False,72hr,72.0,1.032
2,LIB061,PEPTRMYVGFPDAC,False,pre-bleed,,1.028
2,LIB061,PEPTRMYVGFPDAC,False,5min,0.08333333333333333,89.272
2,LIB061,PEPTRMYVGFPDAC,False,20min,0.3333333333333333,62.561
2,LIB061,PEPTRMYVGFPDAC,False,30min,0.5,44.106
2,LIB061,PEPTRMYVGFPDAC,False,1hr,1.0,35.439
2,LIB061,PEPTRMYVGFPDAC,False,2hr,2.0,18.469
2,LIB061,PEPTRMYVGFPDAC,False,8hr,8.0,10.94
2,LIB061,PEPTRMYVGFPDAC,False,16hr,16.0,3.284
2,LIB061,PEPTRMYVGFPDAC,False,24hr,24.0,1.572
2,LIB061,PEPTRMYVGFPDAC,False,36hr,36.0,0.969
2,LIB061,PEPTRMYVGFPDAC,False,48hr,48.0,0.886
2,LIB061,PEPTRMYVGFPDAC,False,72hr,72.0,0.876
3,LIB061,PEPTRMYVGFPDAC,False,pre-bleed,,0.736
3,LIB061,PEPTRMYVGFPDAC,False,5min,0.08333333333333333,76.635
3,LIB061,PEPTRMYVGFPDAC,False,20min,0.3333333333333333,56.471
3,LIB061,PEPTRMYVGFPDAC,False,30min,0.5,42.148
3,LIB061,PEPTRMYVGFPDAC,False,1hr,1.0,29.735
3,LIB061,PEPTRMYVGFPDAC,False,2hr,2.0,24.591
3,LIB061,PEPTRMYVGFPDAC,False,8hr,8.0,13.058
3,LIB061,PEPTRMYVGFPDAC,False,16hr,16.0,4.725
3,LIB061,PEPTRMYVGFPDAC,False,24hr,24.0,2.453
3,LIB061,PEPTRMYVGFPDAC,False,36hr,36.0,1.258
3,LIB061,PEPTRMYVGFPDAC,False,48hr,48.0,0.922
3,LIB061,PEPTRMYVGFPDAC,False,72hr,72.0,0.857
1,LIB062,PEPTRMYVGFPEAC,False,pre-bleed,,1.562
1,LIB062,PEPTRMYVGFPEAC,False,5min,0.08333333333333333,106.449
1,LIB062,PEPTRMYVGFPEAC,False,20min,0.3333333333333333,67.609
1,LIB062,PEPTRMYVGFPEAC,False,30min,0.5,51.732
1,LIB062,PEPTRMYVGFPEAC,False,1hr,1.0,41.903
1,LIB062,PEPTRMYVGFPEAC,False,2hr,2.0,34.484
1,LIB062,PEPTRMYVGFPEAC,False,8hr,8.0,21.969
1,LIB062,PEPTRMYVGFPEAC,False,16hr,16.0,9.776
1,LIB062,PEPTRMYVGFPEAC,False,24hr,24.0,5.798
1,LIB062,PEPTRMYVGFPEAC,False,36hr,36.0,2.996
1,LIB062,PEPTRMYVGFPEAC,False,48hr,48.0,2.126
1,LIB062,PEPTRMYVGFPEAC,False,72hr,72.0,1.679
2,LIB062,PEPTRMYVGFPEAC,False,pre-bleed,,2.302
2,LIB062,PEPTRMYVGFPEAC,False,5min,0.08333333333333333,112.749
2,LIB062,PEPTRMYVGFPEAC,False,20min,0.3333333333333333,85.194
2,LIB062,PEPTRMYVGFPEAC,False,30min,0.5,57.221
2,LIB062,PEPTRMYVGFPEAC,False,1hr,1.0,30.909
2,LIB062,PEPTRMYVGFPEAC,False,2hr,2.0,23.405
2,LIB062,PEPTRMYVGFPEAC,False,8hr,8.0,15.485
2,LIB062,PEPTRMYVGFPEAC,False,16hr,16.0,5.862
2,LIB062,PEPTRMYVGFPEAC,False,24hr,24.0,3.047
2,LIB062,PEPTRMYVGFPEAC,False,36hr,36.0,1.981
2,LIB062,PEPTRMYVGFPEAC,False,48hr,48.0,1.724
2,LIB062,PEPTRMYVGFPEAC,False,72hr,72.0,1.649
3,LIB062,PEPTRMYVGFPEAC,False,pre-bleed,,1.455
3,LIB062,PEPTRMYVGFPEAC,False,5min,0.08333333333333333,92.542
3,LIB062,PEPTRMYVGFPEAC,False,20min,0.3333333333333333,72.375
3,LIB062,PEPTRMYVGFPEAC,False,30min,0.5,58.991
3,LIB062,PEPTRMYVGFPEAC,False,1hr,1.0,43.246
3,LIB062,PEPTRMYVGFPEAC,False,2hr,2.0,27.004
3,LIB062,PEPTRMYVGFPEAC,False,8hr,8.0,20.413
3,LIB062,PEPTRMYVGFPEAC,False,16hr,16.0,8.991
3,LIB062,PEPTRMYVGFPEAC,False,24hr,24.0,5.712
3,LIB062,PEPTRMYVGFPEAC,False,36hr,36.0,2.998
3,LIB062,PEPTRMYVGFPEAC,False,48hr,48.0,2.073
3,LIB062,PEPTRMYVGFPEAC,False,72hr,72.0,1.624
1,LIB063,PEPTRMYVGFPMAC,False,pre-bleed,,1.382
1,LIB063,PEPTRMYVGFPMAC,False,5min,0.08333333333333333,78.436
1,LIB063,PEPTRMYVGFPMAC,False,20min,0.3333333333333333,44.514
1,LIB063,PEPTRMYVGFPMAC,False,30min,0.5,48.365
1,LIB063,PEPTRMYVGFPMAC,False,1hr,1.0,32.872
1,LIB063,PEPTRMYVGFPMAC,False,2hr,2.0,32.426
1,LIB063,PEPTRMYVGFPMAC,False,8hr,8.0,22.88
1,LIB063,PEPTRMYVGFPMAC,False,16hr,16.0,21.326
1,LIB063,PEPTRMYVGFPMAC,False,24hr,24.0,12.014
1,LIB063,PEPTRMYVGFPMAC,False,36hr,36.0,8.152
1,LIB063,PEPTRMYVGFPMAC,False,48hr,48.0,5.617
1,LIB063,PEPTRMYVGFPMAC,False,72hr,72.0,2.591
2,LIB063,PEPTRMYVGFPMAC,False,pre-bleed,,0.795
2,LIB063,PEPTRMYVGFPMAC,False,5min,0.08333333333333333,91.899
2,LIB063,PEPTRMYVGFPMAC,False,20min,0.3333333333333333,65.077
2,LIB063,PEPTRMYVGFPMAC,False,30min,0.5,51.077
2,LIB063,PEPTRMYVGFPMAC,False,1hr,1.0,50.67
2,LIB063,PEPTRMYVGFPMAC,False,2hr,2.0,32.456
2,LIB063,PEPTRMYVGFPMAC,False,8hr,8.0,23.653
2,LIB063,PEPTRMYVGFPMAC,False,16hr,16.0,15.181
2,LIB063,PEPTRMYVGFPMAC,False,24hr,24.0,8.174
2,LIB063,PEPTRMYVGFPMAC,False,36hr,36.0,5.3
2,LIB063,PEPTRMYVGFPMAC,False,48hr,48.0,4.194
2,LIB063,PEPTRMYVGFPMAC,False,72hr,72.0,1.68
3,LIB063,PEPTRMYVGFPMAC,False,pre-bleed,,1.168
3,LIB063,PEPTRMYVGFPMAC,False,5min,0.08333333333333333,94.481
3,LIB063,PEPTRMYVGFPMAC,False,20min,0.3333333333333333,51.934
3,LIB063,PEPTRMYVGFPMAC,False,30min,0.5,52.845
3,LIB063,PEPTRMYVGFPMAC,False,1hr,1.0,30.907
3,LIB063,PEPTRMYVGFPMAC,False,2hr,2.0,35.38
3,LIB063,PEPTRMYVGFPMAC,False,8hr,8.0,23.202
3,LIB063,PEPTRMYVGFPMAC,False,16hr,16.0,15.557
3,LIB063,PEPTRMYVGFPMAC,False,24hr,24.0,12.218
3,LIB063,PEPTRMYVGFPMAC,False,36hr,36.0,8.037
3,LIB063,PEPTRMYVGFPMAC,False,48hr,48.0,4.893
3,LIB063,PEPTRMYVGFPMAC,False,72hr,72.0,2.663
1,LIB064,PEPTRMYVGFPLAC,False,pre-bleed,,1.362
1,LIB064,PEPTRMYVGFPLAC,False,5min,0.08333333333333333,86.399
1,LIB064,PEPTRMYVGFPLAC,False,20min,0.3333333333333333,65.034
1,LIB064,PEPTRMYVGFPLAC,False,30min,0.5,65.096
1,LIB064,PEPTRMYVGFPLAC,False,1hr,1.0,42.902
1,LIB064,PEPTRMYVGFPLAC,False,2hr,2.0,36.794
1,LIB064,PEPTRMYVGFPLAC,False,8hr,8.0,37.833
1,LIB064,PEPTRMYVGFPLAC,False,16hr,16.0,22.334
1,LIB064,PEPTRMYVGFPLAC,False,24hr,24.0,17.439
1,LIB064,PEPTRMYVGFPLAC,False,36hr,36.0,12.489
1,LIB064,PEPTRMYVGFPLAC,False,48hr,48.0,7.574
1,LIB064,PEPTRMYVGFPLAC,False,72hr,72.0,4.413
2,LIB064,PEPTRMYVGFPLAC,False,pre-bleed,,1.765
2,LIB064,PEPTRMYVGFPLAC,False,5min,0.08333333333333333,98.448
2,LIB064,PEPTRMYVGFPLAC,False,20min,0.3333333333333333,59.982
2,LIB064,PEPTRMYVGFPLAC,False,30min,0.5,46.773
2,LIB064,PEPTRMYVGFPLAC,False,1hr,1.0,46.315
2,LIB064,PEPTRMYVGFPLAC,False,2hr,2.0,36.801
2,LIB064,PEPTRMYVGFPLAC,False,8hr,8.0,19.355
2,LIB064,PEPTRMYVGFPLAC,False,16hr,16.0,16.841
2,LIB064,PEPTRMYVGFPLAC,False,24hr,24.0,13.018
2,LIB064,PEPTRMYVGFPLAC,False,36hr,36.0,8.865
2,LIB064,PEPTRMYVGFPLAC,False,48hr,48.0,5.848
2,LIB064,PEPTRMYVGFPLAC,False,72hr,72.0,2.807
3,LIB064,PEPTRMYVGFPLAC,False,pre-bleed,,1.416
3,LIB064,PEPTRMYVGFPLAC,False,5min,0.08333333333333333,91.736
3,LIB064,PEPTRMYVGFPLAC,False,20min,0.3333333333333333,52.719
3,LIB064,PEPTRMYVGFPLAC,False,30min,0.5,52.405
3,LIB064,PEPTRMYVGFPLAC,False,1hr,1.0,41.592
3,LIB064,PEPTRMYVGFPLAC,False,2hr,2.0,35.097
3,LIB064,PEPTRMYVGFPLAC,False,8hr,8.0,29.406
3,LIB064,PEPTRMYVGFPLAC,False,16hr,16.0,25.318
3,LIB064,PEPTRMYVGFPLAC,False,24hr,24.0,17.14
3,LIB064,PEPTRMYVGFPLAC,False,36hr,36.0,11.705
3,LIB064,PEPTRMYVGFPLAC,False,48hr,48.0,9.7
3,LIB064,PEPTRMYVGFPLAC,False,72hr,72.0,5.973
1,LIB065,PEPTRMYVGFPIAC,False,pre-bleed,,1.125
1,LIB065,PEPTRMYVGFPIAC,False,5min,0.08333333333333333,102.826
1,LIB065,PEPTRMYVGFPIAC,False,20min,0.3333333333333333,77.431
1,LIB065,PEPTRMYVGFPIAC,False,30min,0.5,55.809
1,LIB065,PEPTRMYVGFPIAC,False,1hr,1.0,46.376
1,LIB065,PEPTRMYVGFPIAC,False,2hr,2.0,41.152
1,LIB065,PEPTRMYVGFPIAC,False,8hr,8.0,36.361
1,LIB065,PEPTRMYVGFPIAC,False,16hr,16.0,24.797
1,LIB065,PEPTRMYVGFPIAC,False,24hr,24.0,21.289
1,LIB065,PEPTRMYVGFPIAC,False,36hr,36.0,12.331
1,LIB065,PEPTRMYVGFPIAC,False,48hr,48.0,11.441
1,LIB065,PEPTRMYVGFPIAC,False,72hr,72.0,6.622
2,LIB065,PEPTRMYVGFPIAC,False,pre-bleed,,0.825
2,LIB065,PEPTRMYVGFPIAC,False,5min,0.08333333333333333,69.143
2,LIB065,PEPTRMYVGFPIAC,False,20min,0.3333333333333333,61.431
2,LIB065,PEPTRMYVGFPIAC,False,30min,0.5,38.755
2,LIB065,PEPTRMYVGFPIAC,False,1hr,1.0,35.767
2,LIB065,PEPTRMYVGFPIAC,False,2hr,2.0,29.192
2,LIB065,PEPTRMYVGFPIAC,False,8hr,8.0,24.731
2,LIB065,PEPTRMYVGFPIAC,False,16hr,16.0,17.251
2,LIB065,PEPTRMYVGFPIAC,False,24hr,24.0,11.738
2,LIB065,PEPTRMYVGFPIAC,False,36hr,36.0,6.071
2,LIB065,PEPTRMYVGFPIAC,False,48hr,48.0,3.971
2,LIB065,PEPTRMYVGFPIAC,False,72hr,72.0,2.104
3,LIB065,PEPTRMYVGFPIAC,False,pre-bleed,,0.93
3,LIB065,PEPTRMYVGFPIAC,False,5min,0.08333333333333333,83.605
3,LIB065,PEPTRMYVGFPIAC,False,20min,0.3333333333333333,60.523
3,LIB065,PEPTRMYVGFPIAC,False,30min,0.5,51.308
3,LIB065,PEPTRMYVGFPIAC,False,1hr,1.0,46.737
3,LIB065,PEPTRMYVGFPIAC,False,2hr,2.0,31.655
3,LIB065,PEPTRMYVGFPIAC,False,8hr,8.0,28.062
3,LIB065,PEPTRMYVGFPIAC,False,16hr,16.0,23.295
3,LIB065,PEPTRMYVGFPIAC,False,24hr,24.0,17.504
3,LIB065,PEPTRMYVGFPIAC,False,36hr,36.0,11.756
3,LIB065,PEPTRMYVGFPIAC,False,48hr,48.0,7.584
3,LIB065,PEPTRMYVGFPIAC,False,72hr,72.0,4.523
1,LIB066,PEPTRMYFGFPDAC,False,pre-bleed,,0.99
1,LIB066,PEPTRMYFGFPDAC,False,5min,0.08333333333333333,81.26
1,LIB066,PEPTRMYFGFPDAC,False,20min,0.3333333333333333,44.348
1,LIB066,PEPTRMYFGFPDAC,False,30min,0.5,39.832
1,LIB066,PEPTRMYFGFPDAC,False,1hr,1.0,26.821
1,LIB066,PEPTRMYFGFPDAC,False,2hr,2.0,28.786
1,LIB066,PEPTRMYFGFPDAC,False,8hr,8.0,24.962
1,LIB066,PEPTRMYFGFPDAC,False,16hr,16.0,19.049
1,LIB066,PEPTRMYFGFPDAC,False,24hr,24.0,11.859
1,LIB066,PEPTRMYFGFPDAC,False,36hr,36.0,9.056
1,LIB066,PEPTRMYFGFPDAC,False,48hr,48.0,4.618
1,LIB066,PEPTRMYFGFPDAC,False,72hr,72.0,2.327
2,LIB066,PEPTRMYFGFPDAC,False,pre-bleed,,0.759
2,LIB066,PEPTRMYFGFPDAC,False,5min,0.08333333333333333,68.335
2,LIB066,PEPTRMYFGFPDAC,False,20min,0.3333333333333333,71.873
2,LIB066,PEPTRMYFGFPDAC,False,30min,0.5,56.475
2,LIB066,PEPTRMYFGFPDAC,False,1hr,1.0,36.322
2,LIB066,PEPTRMYFGFPDAC,False,2hr,2.0,34.734
2,LIB066,PEPTRMYFGFPDAC,False,8hr,8.0,23.393
2,LIB066,PEPTRMYFGFPDAC,False,16hr,16.0,16.239
2,LIB066,PEPTRMYFGFPDAC,False,24hr,24.0,8.926
2,LIB066,PEPTRMYFGFPDAC,False,36hr,36.0,5.356
2,LIB066,PEPTRMYFGFPDAC,False,48hr,48.0,2.658
2,LIB066,PEPTRMYFGFPDAC,False,72hr,72.0,1.382
3,LIB066,PEPTRMYFGFPDAC,False,pre-bleed,,1.189
3,LIB066,PEPTRMYFGFPDAC,False,5min,0.08333333333333333,98.169
3,LIB066,PEPTRMYFGFPDAC,False,20min,0.3333333333333333,76.42
3,LIB066,PEPTRMYFGFPDAC,False,30min,0.5,56.456
3,LIB066,PEPTRMYFGFPDAC,False,1hr,1.0,33.285
3,LIB066,PEPTRMYFGFPDAC,False,2hr,2.0,41.118
3,LIB066,PEPTRMYFGFPDAC,False,8hr,8.0,24.632
3,LIB066,PEPTRMYFGFPDAC,False,16hr,16.0,17.036
3,LIB066,PEPTRMYFGFPDAC,False,24hr,24.0,9.872
3,LIB066,PEPTRMYFGFPDAC,False,36hr,36.0,6.663
3,LIB066,PEPTRMYFGFPDAC,False,48hr,48.0,3.625
3,LIB066,PEPTRMYFGFPDAC,False,72hr,72.0,1.848
1,LIB067,PEPTRMYFGFPEAC,False,pre-bleed,,1.439
1,LIB067,PEPTRMYFGFPEAC,False,5min,0.08333333333333333,85.092
1,LIB067,PEPTRMYFGFPEAC,False,20min,0.3333333333333333,75.008
1,LIB067,PEPTRMYFGFPEAC,False,30min,0.5,54.68
1,LIB067,PEPTRMYFGFPEAC,False,1hr,1.0,39.542
1,LIB067,PEPTRMYFGFPEAC,False,2hr,2.0,36.642
1,LIB067,PEPTRMYFGFPEAC,False,8hr,8.0,22.05
1,LIB067,PEPTRMYFGFPEAC,False,16hr,16.0,15.415
1,LIB067,PEPTRMYFGFPEAC,False,24hr,24.0,8.952
1,LIB067,PEPTRMYFGFPEAC,False,36hr,36.0,6.429
1,LIB067,PEPTRMYFGFPEAC,False,48hr,48.0,4.379
1,LIB067,PEPTRMYFGFPEAC,False,72hr,72.0,2.103
2,LIB067,PEPTRMYFGFPEAC,False,pre-bleed,,1.188
2,LIB067,PEPTRMYFGFPEAC,False,5min,0.08333333333333333,108.548
2,LIB067,PEPTRMYFGFPEAC,False,20min,0.3333333333333333,65.428
2,LIB067,PEPTRMYFGFPEAC,False,30min,0.5,42.676
2,LIB067,PEPTRMYFGFPEAC,False,1hr,1.0,32.925
2,LIB067,PEPTRMYFGFPEAC,False,2hr,2.0,28.384
2,LIB067,PEPTRMYFGFPEAC,False,8hr,8.0,25.523
2,LIB067,PEPTRMYFGFPEAC,False,16hr,16.0,19.285
2,LIB067,PEPTRMYFGFPEAC,False,24hr,24.0,10.439
2,LIB067,PEPTRMYFGFPEAC,False,36hr,36.0,3.558
2,LIB067,PEPTRMYFGFPEAC,False,48hr,48.0,2.978
2,LIB067,PEPTRMYFGFPEAC,False,72hr,72.0,1.532
3,LIB067,PEPTRMYFGFPEAC,False,pre-bleed,,1.263
3,LIB067,PEPTRMYFGFPEAC,False,5min,0.08333333333333333,82.153
3,LIB067,PEPTRMYFGFPEAC,False,20min,0.3333333333333333,42.126
3,LIB067,PEPTRMYFGFPEAC,False,30min,0.5,43.619
3,LIB067,PEPTRMYFGFPEAC,False,1hr,1.0,38.187
3,LIB067,PEPTRMYFGFPEAC,False,2hr,2.0,29.417
3,LIB067,PEPTRMYFGFPEAC,False,8hr,8.0,20.69
3,LIB067,PEPTRMYFGFPEAC,False,16hr,16.0,16.348
3,LIB067,PEPTRMYFGFPEAC,False,24hr,24.0,11.418
3,LIB067,PEPTRMYFGFPEAC,False,36hr,36.0,7.049
3,LIB067,PEPTRMYFGFPEAC,False,48hr,48.0,4.355
3,LIB067,PEPTRMYFGFPEAC,False,72hr,72.0,2.369
1,LIB068,PEPTRMYFGFPMAC,False,pre-bleed,,0.866
1,LIB068,PEPTRMYFGFPMAC,False,5min,0.08333333333333333,83.686
1,LIB068,PEPTRMYFGFPMAC,False,20min,0.3333333333333333,64.052
1,LIB068,PEPTRMYFGFPMAC,False,30min,0.5,57.29
1,LIB068,PEPTRMYFGFPMAC,False,1hr,1.0,49.113
1,LIB068,PEPTRMYFGFPMAC,False,2hr,2.0,36.218
1,LIB068,PEPTRMYFGFPMAC,False,8hr,8.0,34.127
1,LIB068,PEPTRMYFGFPMAC,False,16hr,16.0,27.639
1,LIB068,PEPTRMYFGFPMAC,False,24hr,24.0,19.313
1,LIB068,PEPTRMYFGFPMAC,False,36hr,36.0,15.318
1,LIB068,PEPTRMYFGFPMAC,False,48hr,48.0,10.279
1,LIB068,PEPTRMYFGFPMAC,False,72hr,72.0,6.625
2,LIB068,PEPTRMYFGFPMAC,False,pre-bleed,,1.342
2,LIB068,PEPTRMYFGFPMAC,False,5min,0.08333333333333333,96.148
2,LIB068,PEPTRMYFGFPMAC,False,20min,0.3333333333333333,64.96
2,LIB068,PEPTRMYFGFPMAC,False,30min,0.5,42.11
2,LIB068,PEPTRMYFGFPMAC,False,1hr,1.0,42.209
2,LIB068,PEPTRMYFGFPMAC,False,2hr,2.0,28.331
2,LIB068,PEPTRMYFGFPMAC,False,8hr,8.0,25.237
2,LIB068,PEPTRMYFGFPMAC,False,16hr,16.0,24.127
2,LIB068,PEPTRMYFGFPMAC,False,24hr,24.0,15.909
2,LIB068,PEPTRMYFGFPMAC,False,36hr,36.0,9.326
2,LIB068,PEPTRMYFGFPMAC,False,48hr,48.0,6.87
2,LIB068,PEPTRMYFGFPMAC,False,72hr,72.0,3.259
3,LIB068,PEPTRMYFGFPMAC,False,pre-bleed,,1.034
3,LIB068,PEPTRMYFGFPMAC,False,5min,0.08333333333333333,74.398
3,LIB068,PEPTRMYFGFPMAC,False,20min,0.3333333333333333,57.77
3,LIB068,PEPTRMYFGFPMAC,False,30min,0.5,64.548
3,LIB068,PEPTRMYFGFPMAC,False,1hr,1.0,42.25
3,LIB068,PEPTRMYFGFPMAC,False,2hr,2.0,30.049
3,LIB068,PEPTRMYFGFPMAC,False,8hr,8.0,24.873
3,LIB068,PEPTRMYFGFPMAC,False,16hr,16.0,23.698
3,LIB068,PEPTRMYFGFPMAC,False,24hr,24.0,23.186
3,LIB068,PEPTRMYFGFPMAC,False,36hr,36.0,14.265
3,LIB068,PEPTRMYFGFPMAC,False,48hr,48.0,12.435
3,LIB068,PEPTRMYFGFPMAC,False,72hr,72.0,6.468
1,LIB069,PEPTRMYFGFPLAC,False,pre-bleed,,1.179
1,LIB069,PEPTRMYFGFPLAC,False,5min,0.08333333333333333,79.93
1,LIB069,PEPTRMYFGFPLAC,False,20min,0.3333333333333333,59.024
1,LIB069,PEPTRMYFGFPLAC,False,30min,0.5,50.398
1,LIB069,PEPTRMYFGFPLAC,False,1hr,1.0,37.785
1,LIB069,PEPTRMYFGFPLAC,False,2hr,2.0,37.243
1,LIB069,PEPTRMYFGFPLAC,False,8hr,8.0,29.813
1,LIB069,PEPTRMYFGFPLAC,False,16hr,16.0,23.538
1,LIB069,PEPTRMYFGFPLAC,False,24hr,24.0,24.76
1,LIB069,PEPTRMYFGFPLAC,False,36hr,36.0,17.472
1,LIB069,PEPTRMYFGFPLAC,False,48hr,48.0,10.916
1,LIB069,PEPTRMYFGFPLAC,False,72hr,72.0,7.291
2,LIB069,PEPTRMYFGFPLAC,False,pre-bleed,,0.97
2,LIB069,PEPTRMYFGFPLAC,False,5min,0.08333333333333333,76.411
2,LIB069,PEPTRMYFGFPLAC,False,20min,0.3333333333333333,51.127
2,LIB069,PEPTRMYFGFPLAC,False,30min,0.5,47.276
2,LIB069,PEPTRMYFGFPLAC,False,1hr,1.0,38.011
2,LIB069,PEPTRMYFGFPLAC,False,2hr,2.0,27.625
2,LIB069,PEPTRMYFGFPLAC,False,8hr,8.0,28.667
2,LIB069,PEPTRMYFGFPLAC,False,16hr,16.0,19.738
2,LIB069,PEPTRMYFGFPLAC,False,24hr,24.0,12.148
2,LIB069,PEPTRMYFGFPLAC,False,36hr,36.0,9.641
2,LIB069,PEPTRMYFGFPLAC,False,48hr,48.0,8.237
2,LIB069,PEPTRMYFGFPLAC,False,72hr,72.0,4.126
3,LIB069,PEPTRMYFGFPLAC,False,pre-bleed,,1.38
3,LIB069,PEPTRMYFGFPLAC,False,5min,0.08333333333333333,98.079
3,LIB069,PEPTRMYFGFPLAC,False,20min,0.3333333333333333,62.357
3,LIB069,PEPTRMYFGFPLAC,False,30min,0.5,49.798
3,LIB069,PEPTRMYFGFPLAC,False,1hr,1.0,37.035
3,LIB069,PEPTRMYFGFPLAC,False,2hr,2.0,29.719
3,LIB069,PEPTRMYFGFPLAC,False,8hr,8.0,32.869
3,LIB069,PEPTRMYFGFPLAC,False,16hr,16.0,26.804
3,LIB069,PEPTRMYFGFPLAC,False,24hr,24.0,23.168
3,LIB069,PEPTRMYFGFPLAC,False,36hr,36.0,14.433
3,LIB069,PEPTRMYFGFPLAC,False,48hr,48.0,13.559
3,LIB069,PEPTRMYFGFPLAC,False,72hr,72.0,9.279
1,LIB070,PEPTRMYFGFPIAC,False,pre-bleed,,1.512
1,LIB070,PEPTRMYFGFPIAC,False,5min,0.08333333333333333,90.733
1,LIB070,PEPTRMYFGFPIAC,False,20min,0.3333333333333333,57.167
1,LIB070,PEPTRMYFGFPIAC,False,30min,0.5,49.631
1,LIB070,PEPTRMYFGFPIAC,False,1hr,1.0,39.913
1,LIB070,PEPTRMYFGFPIAC,False,2hr,2.0,41.161
1,LIB070,PEPTRMYFGFPIAC,False,8hr,8.0,37.448
1,LIB070,PEPTRMYFGFPIAC,False,16hr,16.0,27.054
1,LIB070,PEPTRMYFGFPIAC,False,24hr,24.0,20.793
1,LIB070,PEPTRMYFGFPIAC,False,36hr,36.0,21.544
1,LIB070,PEPTRMYFGFPIAC,False,48hr,48.0,12.432
1,LIB070,PEPTRMYFGFPIAC,False,72hr,72.0,7.682
2,LIB070,PEPTRMYFGFPIAC,False,pre-bleed,,1.516
2,LIB070,PEPTRMYFGFPIAC,False,5min,0.08333333333333333,98.758
2,LIB070,PEPTRMYFGFPIAC,False,20min,0.3333333333333333,58.399
2,LIB070,PEPTRMYFGFPIAC,False,30min,0.5,56.103
2,LIB070,PEPTRMYFGFPIAC,False,1hr,1.0,28.336
2,LIB070,PEPTRMYFGFPIAC,False,2hr,2.0,38.302
2,LIB070,PEPTRMYFGFPIAC,False,8hr,8.0,27.628
2,LIB070,PEPTRMYFGFPIAC,False,16hr,16.0,18.791
2,LIB070,PEPTRMYFGFPIAC,False,24hr,24.0,16.14
2,LIB070,PEPTRMYFGFPIAC,False,36hr,36.0,9.254
2,LIB070,PEPTRMYFGFPIAC,False,48hr,48.0,6.846
2,LIB070,PEPTRMYFGFPIAC,False,72hr,72.0,4.035
3,LIB070,PEPTRMYFGFPIAC,False,pre-bleed,,1.233
3,LIB070,PEPTRMYFGFPIAC,False,5min,0.08333333333333333,73.889
3,LIB070,PEPTRMYFGFPIAC,False,20min,0.3333333333333333,57.356
3,LIB070,PEPTRMYFGFPIAC,False,30min,0.5,43.831
3,LIB070,PEPTRMYFGFPIAC,False,1hr,1.0,31.841
3,LIB070,PEPTRMYFGFPIAC,False,2hr,2.0,33.557
3,LIB070,PEPTRMYFGFPIAC,False,8hr,8.0,25.283
3,LIB070,PEPTRMYFGFPIAC,False,16hr,16.0,26.053
3,LIB070,PEPTRMYFGFPIAC,False,24hr,24.0,17.375
3,LIB070,PEPTRMYFGFPIAC,False,36hr,36.0,11.843
3,LIB070,PEPTRMYFGFPIAC,False,48hr,48.0,11.187
3,LIB070,PEPTRMYFGFPIAC,False,72hr,72.0,6.233
1,LIB071,PEPTRMYWGFPDAC,False,pre-bleed,,1.374
1,LIB071,PEPTRMYWGFPDAC,False,5min,0.08333333333333333,82.255
1,LIB071,PEPTRMYWGFPDAC,False,20min,0.3333333333333333,67.672
1,LIB071,PEPTRMYWGFPDAC,False,30min,0.5,68.764
1,LIB071,PEPTRMYWGFPDAC,False,1hr,1.0,45.089
1,LIB071,PEPTRMYWGFPDAC,False,2hr,2.0,31.714
1,LIB071,PEPTRMYWGFPDAC,False,8hr,8.0,25.187
1,LIB071,PEPTRMYWGFPDAC,False,16hr,16.0,27.639
1,LIB071,PEPTRMYWGFPDAC,False,24hr,24.0,17.874
1,LIB071,PEPTRMYWGFPDAC,False,36hr,36.0,11.768
1,LIB071,PEPTRMYWGFPDAC,False,48hr,48.0,8.652
1,LIB071,PEPTRMYWGFPDAC,False,72hr,72.0,4.248
2,LIB071,PEPTRMYWGFPDAC,False,pre-bleed,,1.795
2,LIB071,PEPTRMYWGFPDAC,False,5min,0.08333333333333333,100.976
2,LIB071,PEPTRMYWGFPDAC,False,20min,0.3333333333333333,76.637
2,LIB071,PEPTRMYWGFPDAC,False,30min,0.5,62.755
2,LIB071,PEPTRMYWGFPDAC,False,1hr,1.0,46.54
2,LIB071,PEPTRMYWGFPDAC,False,2hr,2.0,38.681
2,LIB071,PEPTRMYWGFPDAC,False,8hr,8.0,25.692
2,LIB071,PEPTRMYWGFPDAC,False,16hr,16.0,23.807
2,LIB071,PEPTRMYWGFPDAC,False,24hr,24.0,10.506
2,LIB071,PEPTRMYWGFPDAC,False,36hr,36.0,6.921
2,LIB071,PEPTRMYWGFPDAC,False,48hr,48.0,4.297
2,LIB071,PEPTRMYWGFPDAC,False,72hr,72.0,2.268
3,LIB071,PEPTRMYWGFPDAC,False,pre-bleed,,1.135
3,LIB071,PEPTRMYWGFPDAC,False,5min,0.08333333333333333,75.348
3,LIB071,PEPTRMYWGFPDAC,False,20min,0.3333333333333333,49.972
3,LIB071,PEPTRMYWGFPDAC,False,30min,0.5,51.902
3,LIB071,PEPTRMYWGFPDAC,False,1hr,1.0,40.371
3,LIB071,PEPTRMYWGFPDAC,False,2hr,2.0,34.946
3,LIB071,PEPTRMYWGFPDAC,False,8hr,8.0,28.445
3,LIB071,PEPTRMYWGFPDAC,False,16hr,16.0,16.724
3,LIB071,PEPTRMYWGFPDAC,False,24hr,24.0,13.738
3,LIB071,PEPTRMYWGFPDAC,False,36hr,36.0,13.266
3,LIB071,PEPTRMYWGFPDAC,False,48hr,48.0,6.817
3,LIB071,PEPTRMYWGFPDAC,False,72hr,72.0,4.118
1,LIB072,PEPTRMYWGFPEAC,False,pre-bleed,,1.219
1,LIB072,PEPTRMYWGFPEAC,False,5min,0.08333333333333333,79.021
1,LIB072,PEPTRMYWGFPEAC,False,20min,0.3333333333333333,52.133
1,LIB072,PEPTRMYWGFPEAC,False,30min,0.5,50.839
1,LIB072,PEPTRMYWGFPEAC,False,1hr,1.0,32.549
1,LIB072,PEPTRMYWGFPEAC,False,2hr,2.0,33.955
1,LIB072,PEPTRMYWGFPEAC,False,8hr,8.0,35.358
1,LIB072,PEPTRMYWGFPEAC,False,16hr,16.0,23.868
1,LIB072,PEPTRMYWGFPEAC,False,24hr,24.0,17.382
1,LIB072,PEPTRMYWGFPEAC,False,36hr,36.0,11.12
1,LIB072,PEPTRMYWGFPEAC,False,48hr,48.0,6.599
1,LIB072,PEPTRMYWGFPEAC,False,72hr,72.0,3.809
2,LIB072,PEPTRMYWGFPEAC,False,pre-bleed,,0.914
2,LIB072,PEPTRMYWGFPEAC,False,5min,0.08333333333333333,77.349
2,LIB072,PEPTRMYWGFPEAC,False,20min,0.3333333333333333,63.4
2,LIB072,PEPTRMYWGFPEAC,False,30min,0.5,46.216
2,LIB072,PEPTRMYWGFPEAC,False,1hr,1.0,36.234
2,LIB072,PEPTRMYWGFPEAC,False,2hr,2.0,31.936
2,LIB072,PEPTRMYWGFPEAC,False,8hr,8.0,29.536
2,LIB072,PEPTRMYWGFPEAC,False,16hr,16.0,18.067
2,LIB072,PEPTRMYWGFPEAC,False,24hr,24.0,12.672
2,LIB072,PEPTRMYWGFPEAC,False,36hr,36.0,8.41
2,LIB072,PEPTRMYWGFPEAC,False,48hr,48.0,4.685
2,LIB072,PEPTRMYWGFPEAC,False,72hr,72.0,2.165
3,LIB072,PEPTRMYWGFPEAC,False,pre-bleed,,0.989
3,LIB072,PEPTRMYWGFPEAC,False,5min,0.08333333333333333,83.612
3,LIB072,PEPTRMYWGFPEAC,False,20min,0.3333333333333333,72.214
3,LIB072,PEPTRMYWGFPEAC,False,30min,0.5,58.929
3,LIB072,PEPTRMYWGFPEAC,False,1hr,1.0,43.857
3,LIB072,PEPTRMYWGFPEAC,False,2hr,2.0,36.57
3,LIB072,PEPTRMYWGFPEAC,False,8hr,8.0,28.818
3,LIB072,PEPTRMYWGFPEAC,False,16hr,16.0,23.747
3,LIB072,PEPTRMYWGFPEAC,False,24hr,24.0,18.761
3,LIB072,PEPTRMYWGFPEAC,False,36hr,36.0,12.749
3,LIB072,PEPTRMYWGFPEAC,False,48hr,48.0,7.972
3,LIB072,PEPTRMYWGFPEAC,False,72hr,72.0,4.661
1,LIB073,PEPTRMYWGFPMAC,False,pre-bleed,,1.074
1,LIB073,PEPTRMYWGFPMAC,False,5min,0.08333333333333333,97.811
1,LIB073,PEPTRMYWGFPMAC,False,20min,0.3333333333333333,89.492
1,LIB073,PEPTRMYWGFPMAC,False,30min,0.5,52.971
1,LIB073,PEPTRMYWGFPMAC,False,1hr,1.0,41.673
1,LIB073,PEPTRMYWGFPMAC,False,2hr,2.0,33.936
1,LIB073,PEPTRMYWGFPMAC,False,8hr,8.0,29.148
1,LIB073,PEPTRMYWGFPMAC,False,16hr,16.0,30.363
1,LIB073,PEPTRMYWGFPMAC,False,24hr,24.0,19.999
1,LIB073,PEPTRMYWGFPMAC,False,36hr,36.0,15.708
1,LIB073,PEPTRMYWGFPMAC,False,48hr,48.0,10.848
1,LIB073,PEPTRMYWGFPMAC,False,72hr,72.0,7.234
2,LIB073,PEPTRMYWGFPMAC,False,pre-bleed,,0.851
2,LIB073,PEPTRMYWGFPMAC,False,5min,0.08333333333333333,88.854
2,LIB073,PEPTRMYWGFPMAC,False,20min,0.3333333333333333,49.039
2,LIB073,PEPTRMYWGFPMAC,False,30min,0.5,57.606
2,LIB073,PEPTRMYWGFPMAC,False,1hr,1.0,33.166
2,LIB073,PEPTRMYWGFPMAC,False,2hr,2.0,26.632
2,LIB073,PEPTRMYWGFPMAC,False,8hr,8.0,22.694
2,LIB073,PEPTRMYWGFPMAC,False,16hr,16.0,19.661
2,LIB073,PEPTRMYWGFPMAC,False,24hr,24.0,12.707
2,LIB073,PEPTRMYWGFPMAC,False,36hr,36.0,8.11
2,LIB073,PEPTRMYWGFPMAC,False,48hr,48.0,5.75
2,LIB073,PEPTRMYWGFPMAC,False,72hr,72.0,2.649
3,LIB073,PEPTRMYWGFPMAC,False,pre-bleed,,1.355
3,LIB073,PEPTRMYWGFPMAC,False,5min,0.08333333333333333,91.718
3,LIB073,PEPTRMYWGFPMAC,False,20min,0.3333333333333333,55.126
3,LIB073,PEPTRMYWGFPMAC,False,30min,0.5,53.061
3,LIB073,PEPTRMYWGFPMAC,False,1hr,1.0,42.052
3,LIB073,PEPTRMYWGFPMAC,False,2hr,2.0,37.663
3,LIB073,PEPTRMYWGFPMAC,False,8hr,8.0,34.896
3,LIB073,PEPTRMYWGFPMAC,False,16hr,16.0,28.881
3,LIB073,PEPTRMYWGFPMAC,False,24hr,24.0,21.487
3,LIB073,PEPTRMYWGFPMAC,False,36hr,36.0,15.266
3,LIB073,PEPTRMYWGFPMAC,False,48hr,48.0,14.376
3,LIB073,PEPTRMYWGFPMAC,False,72hr,72.0,9.093
1,LIB074,PEPTRMYWGFPLAC,False,pre-bleed,,1.472
1,LIB074,PEPTRMYWGFPLAC,False,5min,0.08333333333333333,75.663
1,LIB074,PEPTRMYWGFPLAC,False,20min,0.3333333333333333,65.818
1,LIB074,PEPTRMYWGFPLAC,False,30min,0.5,43.272
1,LIB074,PEPTRMYWGFPLAC,False,1hr,1.0,37.489
1,LIB074,PEPTRMYWGFPLAC,False,2hr,2.0,44.366
1,LIB074,PEPTRMYWGFPLAC,False,8hr,8.0,41.904
1,LIB074,PEPTRMYWGFPLAC,False,16hr,16.0,26.219
1,LIB074,PEPTRMYWGFPLAC,False,24hr,24.0,25.104
1,LIB074,PEPTRMYWGFPLAC,False,36hr,36.0,21.259
1,LIB074,PEPTRMYWGFPLAC,False,48hr,48.0,20.813
1,LIB074,PEPTRMYWGFPLAC,False,72hr,72.0,11.109
2,LIB074,PEPTRMYWGFPLAC,False,pre-bleed,,1.24
2,LIB074,PEPTRMYWGFPLAC,False,5min,0.08333333333333333,84.696
2,LIB074,PEPTRMYWGFPLAC,False,20min,0.3333333333333333,49.538
2,LIB074,PEPTRMYWGFPLAC,False,30min,0.5,46.707
2,LIB074,PEPTRMYWGFPLAC,False,1hr,1.0,46.946
2,LIB074,PEPTRMYWGFPLAC,False,2hr,2.0,33.843
2,LIB074,PEPTRMYWGFPLAC,False,8hr,8.0,27.065
2,LIB074,PEPTRMYWGFPLAC,False,16hr,16.0,20.539
2,LIB074,PEPTRMYWGFPLAC,False,24hr,24.0,18.109
2,LIB074,PEPTRMYWGFPLAC,False,36hr,36.0,14.445
2,LIB074,PEPTRMYWGFPLAC,False,48hr,48.0,11.861
2,LIB074,PEPTRMYWGFPLAC,False,72hr,72.0,4.444
3,LIB074,PEPTRMYWGFPLAC,False,pre-bleed,,1.536
3,LIB074,PEPTRMYWGFPLAC,False,5min,0.08333333333333333,79.775
3,LIB074,PEPTRMYWGFPLAC,False,20min,0.3333333333333333,55.263
3,LIB074,PEPTRMYWGFPLAC,False,30min,0.5,48.21
3,LIB074,PEPTRMYWGFPLAC,False,1hr,1.0,42.596
3,LIB074,PEPTRMYWGFPLAC,False,2hr,2.0,30.643
3,LIB074,PEPTRMYWGFPLAC,False,8hr,8.0,29.219
3,LIB074,PEPTRMYWGFPLAC,False,16hr,16.0,25.874
3,LIB074,PEPTRMYWGFPLAC,False,24hr,24.0,25.867
3,LIB074,PEPTRMYWGFPLAC,False,36hr,36.0,17.1
3,LIB074,PEPTRMYWGFPLAC,False,48hr,48.0,15.729
3,LIB074,PEPTRMYWGFPLAC,False,72hr,72.0,10.672
1,LIB075,PEPTRMYWGFPIAC,False,pre-bleed,,1.625
1,LIB075,PEPTRMYWGFPIAC,False,5min,0.08333333333333333,89.385
1,LIB075,PEPTRMYWGFPIAC,False,20min,0.3333333333333333,62.491
1,LIB075,PEPTRMYWGFPIAC,False,30min,0.5,45.357
1,LIB075,PEPTRMYWGFPIAC,False,1hr,1.0,35.346
1,LIB075,PEPTRMYWGFPIAC,False,2hr,2.0,44.463
1,LIB075,PEPTRMYWGFPIAC,False,8hr,8.0,30.82
1,LIB075,PEPTRMYWGFPIAC,False,16hr,16.0,25.084
1,LIB075,PEPTRMYWGFPIAC,False,24hr,24.0,27.587
1,LIB075,PEPTRMYWGFPIAC,False,36hr,36.0,19.781
1,LIB075,PEPTRMYWGFPIAC,False,48hr,48.0,16.597
1,LIB075,PEPTRMYWGFPIAC,False,72hr,72.0,10.362
2,LIB075,PEPTRMYWGFPIAC,False,pre-bleed,,1.533
2,LIB075,PEPTRMYWGFPIAC,False,5min,0.08333333333333333,115.55
2,LIB075,PEPTRMYWGFPIAC,False,20min,0.3333333333333333,60.614
2,LIB075,PEPTRMYWGFPIAC,False,30min,0.5,34.698
2,LIB075,PEPTRMYWGFPIAC,False,1hr,1.0,37.795
2,LIB075,PEPTRMYWGFPIAC,False,2hr,2.0,52.76
2,LIB075,PEPTRMYWGFPIAC,False,8hr,8.0,33.453
2,LIB075,PEPTRMYWGFPIAC,False,16hr,16.0,21.156
2,LIB075,PEPTRMYWGFPIAC,False,24hr,24.0,21.643
2,LIB075,PEPTRMYWGFPIAC,False,36hr,36.0,13.318
2,LIB075,PEPTRMYWGFPIAC,False,48hr,48.0,9.311
2,LIB075,PEPTRMYWGFPIAC,False,72hr,72.0,6.436
3,LIB075,PEPTRMYWGFPIAC,False,pre-bleed,,1.4
3,LIB075,PEPTRMYWGFPIAC,False,5min,0.08333333333333333,87.537
3,LIB075,PEPTRMYWGFPIAC,False,20min,0.3333333333333333,47.282
3,LIB075,PEPTRMYWGFPIAC,False,30min,0.5,49.194
3,LIB075,PEPTRMYWGFPIAC,False,1hr,1.0,32.877
3,LIB075,PEPTRMYWGFPIAC,False,2hr,2.0,42.527
3,LIB075,PEPTRMYWGFPIAC,False,8hr,8.0,26.724
3,LIB075,PEPTRMYWGFPIAC,False,16hr,16.0,25.034
3,LIB075,PEPTRMYWGFPIAC,False,24hr,24.0,25.779
3,LIB075,PEPTRMYWGFPIAC,False,36hr,36.0,24.168
3,LIB075,PEPTRMYWGFPIAC,False,48hr,48.0,17.267
3,LIB075,PEPTRMYWGFPIAC,False,72hr,72.0,12.152
1,LIB076,PEPQRMYGGFPDAC,False,pre-bleed,,0.861
1,LIB076,PEPQRMYGGFPDAC,False,5min,0.08333333333333333,88.208
1,LIB076,PEPQRMYGGFPDAC,False,20min,0.3333333333333333,47.069
1,LIB076,PEPQRMYGGFPDAC,False,30min,0.5,43.732
1,LIB076,PEPQRMYGGFPDAC,False,1hr,1.0,23.466
1,LIB076,PEPQRMYGGFPDAC,False,2hr,2.0,17.605
1,LIB076,PEPQRMYGGFPDAC,False,8hr,8.0,2.458
1,LIB076,PEPQRMYGGFPDAC,False,16hr,16.0,1.117
1,LIB076,PEPQRMYGGFPDAC,False,24hr,24.0,1.045
1,LIB076,PEPQRMYGGFPDAC,False,36hr,36.0,1.043
1,LIB076,PEPQRMYGGFPDAC,False,48hr,48.0,1.043
1,LIB076,PEPQRMYGGFPDAC,False,72hr,72.0,1.043
2,LIB076,PEPQRMYGGFPDAC,False,pre-bleed,,0.934
2,LIB076,PEPQRMYGGFPDAC,False,5min,0.08333333333333333,62.441
2,LIB076,PEPQRMYGGFPDAC,False,20min,0.3333333333333333,34.243
2,LIB076,PEPQRMYGGFPDAC,False,30min,0.5,32.711
2,LIB076,PEPQRMYGGFPDAC,False,1hr,1.0,24.433
2,LIB076,PEPQRMYGGFPDAC,False,2hr,2.0,8.898
2,LIB076,PEPQRMYGGFPDAC,False,8hr,8.0,1.357
2,LIB076,PEPQRMYGGFPDAC,False,16hr,16.0,1.125
2,LIB076,PEPQRMYGGFPDAC,False,24hr,24.0,1.121
2,LIB076,PEPQRMYGGFPDAC,False,36hr,36.0,1.121
2,LIB076,PEPQRMYGGFPDAC,False,48hr,48.0,1.121
2,LIB076,PEPQRMYGGFPDAC,False,72hr,72.0,1.121
3,LIB076,PEPQRMYGGFPDAC,False,pre-bleed,,1.421
3,LIB076,PEPQRMYGGFPDAC,False,5min,0.08333333333333333,68.172
3,LIB076,PEPQRMYGGFPDAC,False,20min,0.3333333333333333,45.464
3,LIB076,PEPQRMYGGFPDAC,False,30min,0.5,34.891
3,LIB076,PEPQRMYGGFPDAC,False,1hr,1.0,30.535
3,LIB076,PEPQRMYGGFPDAC,False,2hr,2.0,21.721
3,LIB076,PEPQRMYGGFPDAC,False,8hr,8.0,3.436
3,LIB076,PEPQRMYGGFPDAC,False,16hr,16.0,1.888
3,LIB076,PEPQRMYGGFPDAC,False,24hr,24.0,1.809
3,LIB076,PEPQRMYGGFPDAC,False,36hr,36.0,1.805
3,LIB076,PEPQRMYGGFPDAC,False,48hr,48.0,1.805
3,LIB076,PEPQRMYGGFPDAC,False,72hr,72.0,1.805
1,LIB077,PEPQRMYGGFPEAC,False,pre-bleed,,0.867
1,LIB077,PEPQRMYGGFPEAC,False,5min,0.08333333333333333,93.06
1,LIB077,PEPQRMYGGFPEAC,False,20min,0.3333333333333333,52.376
1,LIB077,PEPQRMYGGFPEAC,False,30min,0.5,42.054
1,LIB077,PEPQRMYGGFPEAC,False,1hr,1.0,17.606
1,LIB077,PEPQRMYGGFPEAC,False,2hr,2.0,3.858
1,LIB077,PEPQRMYGGFPEAC,False,8hr,8.0,1.024
1,LIB077,PEPQRMYGGFPEAC,False,16hr,16.0,1.022
1,LIB077,PEPQRMYGGFPEAC,False,24hr,24.0,1.022
1,LIB077,PEPQRMYGGFPEAC,False,36hr,36.0,1.022
1,LIB077,PEPQRMYGGFPEAC,False,48hr,48.0,1.022
1,LIB077,PEPQRMYGGFPEAC,False,72hr,72.0,1.022
2,LIB077,PEPQRMYGGFPEAC,False,pre-bleed,,1.162
2,LIB077,PEPQRMYGGFPEAC,False,5min,0.08333333333333333,109.167
2,LIB077,PEPQRMYGGFPEAC,False,20min,0.3333333333333333,48.875
2,LIB077,PEPQRMYGGFPEAC,False,30min,0.5,31.347
2,LIB077,PEPQRMYGGFPEAC,False,1hr,1.0,10.018
2,LIB077,PEPQRMYGGFPEAC,False,2hr,2.0,2.479
2,LIB077,PEPQRMYGGFPEAC,False,8hr,8.0,1.15
2,LIB077,PEPQRMYGGFPEAC,False,16hr,16.0,1.15
2,LIB077,PEPQRMYGGFPEAC,False,24hr,24.0,1.15
2,LIB077,PEPQRMYGGFPEAC,False,36hr,36.0,1.15
2,LIB077,PEPQRMYGGFPEAC,False,48hr,48.0,1.15
2,LIB077,PEPQRMYGGFPEAC,False,72hr,72.0,1.15
3,LIB077,PEPQRMYGGFPEAC,False,pre-bleed,,1.012
3,LIB077,PEPQRMYGGFPEAC,False,5min,0.08333333333333333,66.046
3,LIB077,PEPQRMYGGFPEAC,False,20min,0.3333333333333333,50.026
3,LIB077,PEPQRMYGGFPEAC,False,30min,0.5,46.281
3,LIB077,PEPQRMYGGFPEAC,False,1hr,1.0,17.88
3,LIB077,PEPQRMYGGFPEAC,False,2hr,2.0,4.716
3,LIB077,PEPQRMYGGFPEAC,False,8hr,8.0,1.011
3,LIB077,PEPQRMYGGFPEAC,False,16hr,16.0,1.008
3,LIB077,PEPQRMYGGFPEAC,False,24hr,24.0,1.008
3,LIB077,PEPQRMYGGFPEAC,False,36hr,36.0,1.008
3,LIB077,PEPQRMYGGFPEAC,False,48hr,48.0,1.008
3,LIB077,PEPQRMYGGFPEAC,False,72hr,72.0,1.008
1,LIB078,PEPQRMYGGFPMAC,False,pre-bleed,,0.682
1,LIB078,PEPQRMYGGFPMAC,False,5min,0.08333333333333333,80.203
1,LIB078,PEPQRMYGGFPMAC,False,20min,0.3333333333333333,53.562
1,LIB078,PEPQRMYGGFPMAC,False,30min,0.5,52.532
1,LIB078,PEPQRMYGGFPMAC,False,1hr,1.0,31.018
1,LIB078,PEPQRMYGGFPMAC,False,2hr,2.0,30.579
1,LIB078,PEPQRMYGGFPMAC,False,8hr,8.0,21.77
1,LIB078,PEPQRMYGGFPMAC,False,16hr,16.0,13.145
1,LIB078,PEPQRMYGGFPMAC,False,24hr,24.0,9.478
1,LIB078,PEPQRMYGGFPMAC,False,36hr,36.0,5.149
1,LIB078,PEPQRMYGGFPMAC,False,48hr,48.0,2.882
1,LIB078,PEPQRMYGGFPMAC,False,72hr,72.0,1.327
2,LIB078,PEPQRMYGGFPMAC,False,pre-bleed,,0.775
2,LIB078,PEPQRMYGGFPMAC,False,5min,0.08333333333333333,87.746
2,LIB078,PEPQRMYGGFPMAC,False,20min,0.3333333333333333,64.776
2,LIB078,PEPQRMYGGFPMAC,False,30min,0.5,38.158
2,LIB078,PEPQRMYGGFPMAC,False,1hr,1.0,35.53
2,LIB078,PEPQRMYGGFPMAC,False,2hr,2.0,25.106
2,LIB078,PEPQRMYGGFPMAC,False,8hr,8.0,17.221
2,LIB078,PEPQRMYGGFPMAC,False,16hr,16.0,8.632
2,LIB078,PEPQRMYGGFPMAC,False,24hr,24.0,5.737
2,LIB078,PEPQRMYGGFPMAC,False,36hr,36.0,2.314
2,LIB078,PEPQRMYGGFPMAC,False,48hr,48.0,1.579
2,LIB078,PEPQRMYGGFPMAC,False,72hr,72.0,0.986
3,LIB078,PEPQRMYGGFPMAC,False,pre-bleed,,1.2
3,LIB078,PEPQRMYGGFPMAC,False,5min,0.08333333333333333,103.179
3,LIB078,PEPQRMYGGFPMAC,False,20min,0.3333333333333333,62.169
3,LIB078,PEPQRMYGGFPMAC,False,30min,0.5,42.716
3,LIB078,PEPQRMYGGFPMAC,False,1hr,1.0,33.067
3,LIB078,PEPQRMYGGFPMAC,False,2hr,2.0,32.086
3,LIB078,PEPQRMYGGFPMAC,False,8hr,8.0,19.426
3,LIB078,PEPQRMYGGFPMAC,False,16hr,16.0,15.042
3,LIB078,PEPQRMYGGFPMAC,False,24hr,24.0,8.831
3,LIB078,PEPQRMYGGFPMAC,False,36hr,36.0,4.728
3,LIB078,PEPQRMYGGFPMAC,False,48hr,48.0,2.921
3,LIB078,PEPQRMYGGFPMAC,False,72hr,72.0,1.594
1,LIB079,PEPQRMYGGFPLAC,False,pre-bleed,,1.228
1,LIB079,PEPQRMYGGFPLAC,False,5min,0.08333333333333333,88.742
1,LIB079,PEPQRMYGGFPLAC,False,20min,0.3333333333333333,63.232
1,LIB079,PEPQRMYGGFPLAC,False,30min,0.5,54.05
1,LIB079,PEPQRMYGGFPLAC,False,1hr,1.0,33.552
1,LIB079,PEPQRMYGGFPLAC,False,2hr,2.0,28.38
1,LIB079,PEPQRMYGGFPLAC,False,8hr,8.0,22.612
1,LIB079,PEPQRMYGGFPLAC,False,16hr,16.0,15.337
1,LIB079,PEPQRMYGGFPLAC,False,24hr,24.0,10.971
1,LIB079,PEPQRMYGGFPLAC,False,36hr,36.0,7.352
1,LIB079,PEPQRMYGGFPLAC,False,48hr,48.0,4.288
1,LIB079,PEPQRMYGGFPLAC,False,72hr,72.0,2.207
2,LIB079,PEPQRMYGGFPLAC,False,pre-bleed,,1.093
2,LIB079,PEPQRMYGGFPLAC,False,5min,0.08333333333333333,80.392
2,LIB079,PEPQRMYGGFPLAC,False,20min,0.3333333333333333,76.743
2,LIB079,PEPQRMYGGFPLAC,False,30min,0.5,44.739
2,LIB079,PEPQRMYGGFPLAC,False,1hr,1.0,30.148
2,LIB079,PEPQRMYGGFPLAC,False,2hr,2.0,28.16
2,LIB079,PEPQRMYGGFPLAC,False,8hr,8.0,19.887
2,LIB079,PEPQRMYGGFPLAC,False,16hr,16.0,11.661
2,LIB079,PEPQRMYGGFPLAC,False,24hr,24.0,7.421
2,LIB079,PEPQRMYGGFPLAC,False,36hr,36.0,3.401
2,LIB079,PEPQRMYGGFPLAC,False,48hr,48.0,2.269
2,LIB079,PEPQRMYGGFPLAC,False,72hr,72.0,1.456
3,LIB079,PEPQRMYGGFPLAC,False,pre-bleed,,1.286
3,LIB079,PEPQRMYGGFPLAC,False,5min,0.08333333333333333,84.343
3,LIB079,PEPQRMYGGFPLAC,False,20min,0.3333333333333333,61.016
3,LIB079,PEPQRMYGGFPLAC,False,30min,0.5,46.025
3,LIB079,PEPQRMYGGFPLAC,False,1hr,1.0,39.612
3,LIB079,PEPQRMYGGFPLAC,False,2hr,2.0,34.238
3,LIB079,PEPQRMYGGFPLAC,False,8hr,8.0,27.784
3,LIB079,PEPQRMYGGFPLAC,False,16hr,16.0,19.461
3,LIB079,PEPQRMYGGFPLAC,False,24hr,24.0,13.775
3,LIB079,PEPQRMYGGFPLAC,False,36hr,36.0,7.975
3,LIB079,PEPQRMYGGFPLAC,False,48hr,48.0,5.294
3,LIB079,PEPQRMYGGFPLAC,False,72hr,72.0,2.692
1,LIB080,PEPQRMYGGFPIAC,False,pre-bleed,,1.003
1,LIB080,PEPQRMYGGFPIAC,False,5min,0.08333333333333333,81.157
1,LIB080,PEPQRMYGGFPIAC,False,20min,0.3333333333333333,55.287
1,LIB080,PEPQRMYGGFPIAC,False,30min,0.5,36.634
1,LIB080,PEPQRMYGGFPIAC,False,1hr,1.0,34.83
1,LIB080,PEPQRMYGGFPIAC,False,2hr,2.0,31.055
1,LIB080,PEPQRMYGGFPIAC,False,8hr,8.0,23.895
1,LIB080,PEPQRMYGGFPIAC,False,16hr,16.0,20.147
1,LIB080,PEPQRMYGGFPIAC,False,24hr,24.0,10.992
1,LIB080,PEPQRMYGGFPIAC,False,36hr,36.0,7.152
1,LIB080,PEPQRMYGGFPIAC,False,48hr,48.0,4.004
1,LIB080,PEPQRMYGGFPIAC,False,72hr,72.0,2.381
2,LIB080,PEPQRMYGGFPIAC,False,pre-bleed,,1.227
2,LIB080,PEPQRMYGGFPIAC,False,5min,0.08333333333333333,78.94
2,LIB080,PEPQRMYGGFPIAC,False,20min,0.3333333333333333,67.752
2,LIB080,PEPQRMYGGFPIAC,False,30min,0.5,47.737
2,LIB080,PEPQRMYGGFPIAC,False,1hr,1.0,31.56
2,LIB080,PEPQRMYGGFPIAC,False,2hr,2.0,23.606
2,LIB080,PEPQRMYGGFPIAC,False,8hr,8.0,19.542
2,LIB080,PEPQRMYGGFPIAC,False,16hr,16.0,14.211
2,LIB080,PEPQRMYGGFPIAC,False,24hr,24.0,10.942
2,LIB080,PEPQRMYGGFPIAC,False,36hr,36.0,4.205
2,LIB080,PEPQRMYGGFPIAC,False,48hr,48.0,2.371
2,LIB080,PEPQRMYGGFPIAC,False,72hr,72.0,1.426
3,LIB080,PEPQRMYGGFPIAC,False,pre-bleed,,1.287
3,LIB080,PEPQRMYGGFPIAC,False,5min,0.08333333333333333,84.694
3,LIB080,PEPQRMYGGFPIAC,False,20min,0.3333333333333333,59.534
3,LIB080,PEPQRMYGGFPIAC,False,30min,0.5,47.642
3,LIB080,PEPQRMYGGFPIAC,False,1hr,1.0,34.461
3,LIB080,PEPQRMYGGFPIAC,False,2hr,2.0,42.339
3,LIB080,PEPQRMYGGFPIAC,False,8hr,8.0,25.479
3,LIB080,PEPQRMYGGFPIAC,False,16hr,16.0,20.27
3,LIB080,PEPQRMYGGFPIAC,False,24hr,24.0,10.38
3,LIB080,PEPQRMYGGFPIAC,False,36hr,36.0,9.22
3,LIB080,PEPQRMYGGFPIAC,False,48hr,48.0,5.912
3,LIB080,PEPQRMYGGFPIAC,False,72hr,72.0,2.526
1,LIB081,PEPQRMYAGFPDAC,False,pre-bleed,,1.287
1,LIB081,PEPQRMYAGFPDAC,False,5min,0.08333333333333333,86.334
1,LIB081,PEPQRMYAGFPDAC,False,20min,0.3333333333333333,73.591
1,LIB081,PEPQRMYAGFPDAC,False,30min,0.5,59.988
1,LIB081,PEPQRMYAGFPDAC,False,1hr,1.0,34.521
1,LIB081,PEPQRMYAGFPDAC,False,2hr,2.0,25.243
1,LIB081,PEPQRMYAGFPDAC,False,8hr,8.0,9.41
1,LIB081,PEPQRMYAGFPDAC,False,16hr,16.0,3.631
1,LIB081,PEPQRMYAGFPDAC,False,24hr,24.0,1.872
1,LIB081,PEPQRMYAGFPDAC,False,36hr,36.0,1.509
1,LIB081,PEPQRMYAGFPDAC,False,48hr,48.0,1.46
1,LIB081,PEPQRMYAGFPDAC,False,72hr,72.0,1.453
2,LIB081,PEPQRMYAGFPDAC,False,pre-bleed,,1.347
2,LIB081,PEPQRMYAGFPDAC,False,5min,0.08333333333333333,82.263
2,LIB081,PEPQRMYAGFPDAC,False,20min,0.3333333333333333,65.916
2,LIB081,PEPQRMYAGFPDAC,False,30min,0.5,49.921
2,LIB081,PEPQRMYAGFPDAC,False,1hr,1.0,28.517
2,LIB081,PEPQRMYAGFPDAC,False,2hr,2.0,21.11
2,LIB081,PEPQRMYAGFPDAC,False,8hr,8.0,6.464
2,LIB081,PEPQRMYAGFPDAC,False,16hr,16.0,1.643
2,LIB081,PEPQRMYAGFPDAC,False,24hr,24.0,1.201
2,LIB081,PEPQRMYAGFPDAC,False,36hr,36.0,1.158
2,LIB081,PEPQRMYAGFPDAC,False,48hr,48.0,1.156
2,LIB081,PEPQRMYAGFPDAC,False,72hr,72.0,1.156
3,LIB081,PEPQRMYAGFPDAC,False,pre-bleed,,1.03
3,LIB081,PEPQRMYAGFPDAC,False,5min,0.08333333333333333,110.265
3,LIB081,PEPQRMYAGFPDAC,False,20min,0.3333333333333333,58.437
3,LIB081,PEPQRMYAGFPDAC,False,30min,0.5,39.927
3,LIB081,PEPQRMYAGFPDAC,False,1hr,1.0,31.967
3,LIB081,PEPQRMYAGFPDAC,False,2hr,2.0,28.742
3,LIB081,PEPQRMYAGFPDAC,False,8hr,8.0,7.756
3,LIB081,PEPQRMYAGFPDAC,False,16hr,16.0,2.075
3,LIB081,PEPQRMYAGFPDAC,False,24hr,24.0,1.21
3,LIB081,PEPQRMYAGFPDAC,False,36hr,36.0,1.031
3,LIB081,PEPQRMYAGFPDAC,False,48hr,48.0,1.017
3,LIB081,PEPQRMYAGFPDAC,False,72hr,72.0,1.016
1,LIB082,PEPQRMYAGFPEAC,False,pre-bleed,,0.942
1,LIB082,PEPQRMYAGFPEAC,False,5min,0.08333333333333333,81.566
1,LIB082,PEPQRMYAGFPEAC,False,20min,0.3333333333333333,63.949
1,LIB082,PEPQRMYAGFPEAC,False,30min,0.5,55.599
1,LIB082,PEPQRMYAGFPEAC,False,1hr,1.0,31.566
1,LIB082,PEPQRMYAGFPEAC,False,2hr,2.0,21.788
1,LIB082,PEPQRMYAGFPEAC,False,8hr,8.0,6.018
1,LIB082,PEPQRMYAGFPEAC,False,16hr,16.0,1.625
1,LIB082,PEPQRMYAGFPEAC,False,24hr,24.0,0.98
1,LIB082,PEPQRMYAGFPEAC,False,36hr,36.0,0.875
1,LIB082,PEPQRMYAGFPEAC,False,48hr,48.0,0.87
1,LIB082,PEPQRMYAGFPEAC,False,72hr,72.0,0.869
2,LIB082,PEPQRMYAGFPEAC,False,pre-bleed,,0.814
2,LIB082,PEPQRMYAGFPEAC,False,5min,0.08333333333333333,68.849
2,LIB082,PEPQRMYAGFPEAC,False,20min,0.3333333333333333,61.716
2,LIB082,PEPQRMYAGFPEAC,False,30min,0.5,40.851
2,LIB082,PEPQRMYAGFPEAC,False,1hr,1.0,20.228
2,LIB082,PEPQRMYAGFPEAC,False,2hr,2.0,22.188
2,LIB082,PEPQRMYAGFPEAC,False,8hr,8.0,2.325
2,LIB082,PEPQRMYAGFPEAC,False,16hr,16.0,1.165
2,LIB082,PEPQRMYAGFPEAC,False,24hr,24.0,1.118
2,LIB082,PEPQRMYAGFPEAC,False,36hr,36.0,1.116
2,LIB082,PEPQRMYAGFPEAC,False,48hr,48.0,1.116
2,LIB082,PEPQRMYAGFPEAC,False,72hr,72.0,1.116
3,LIB082,PEPQRMYAGFPEAC,False,pre-bleed,,1.105
3,LIB082,PEPQRMYAGFPEAC,False,5min,0.08333333333333333,86.489
3,LIB082,PEPQRMYAGFPEAC,False,20min,0.3333333333333333,68.404
3,LIB082,PEPQRMYAGFPEAC,False,30min,0.5,45.209
3,LIB082,PEPQRMYAGFPEAC,False,1hr,1.0,28.184
3,LIB082,PEPQRMYAGFPEAC,False,2hr,2.0,23.432
3,LIB082,PEPQRMYAGFPEAC,False,8hr,8.0,4.322
3,LIB082,PEPQRMYAGFPEAC,False,16hr,16.0,1.207
3,LIB082,PEPQRMYAGFPEAC,False,24hr,24.0,0.951
3,LIB082,PEPQRMYAGFPEAC,False,36hr,36.0,0.914
3,LIB082,PEPQRMYAGFPEAC,False,48hr,48.0,0.913
3,LIB082,PEPQRMYAGFPEAC,False,72hr,72.0,0.913
1,LIB083,PEPQRMYAGFPMAC,False,pre-bleed,,1.196
1,LIB083,PEPQRMYAGFPMAC,False,5min,0.08333333333333333,92.226
1,LIB083,PEPQRMYAGFPMAC,False,20min,0.3333333333333333,68.596
1,LIB083,PEPQRMYAGFPMAC,False,30min,0.5,53.726
1,LIB083,PEPQRMYAGFPMAC,False,1hr,1.0,39.436
1,LIB083,PEPQRMYAGFPMAC,False,2hr,2.0,38.204
1,LIB083,PEPQRMYAGFPMAC,False,8hr,8.0,26.321
1,LIB083,PEPQRMYAGFPMAC,False,16hr,16.0,15.66
1,LIB083,PEPQRMYAGFPMAC,False,24hr,24.0,11.611
1,LIB083,PEPQRMYAGFPMAC,False,36hr,36.0,5.252
1,LIB083,PEPQRMYAGFPMAC,False,48hr,48.0,3.714
1,LIB083,PEPQRMYAGFPMAC,False,72hr,72.0,1.737
2,LIB083,PEPQRMYAGFPMAC,False,pre-bleed,,1.416
2,LIB083,PEPQRMYAGFPMAC,False,5min,0.08333333333333333,147.057
2,LIB083,PEPQRMYAGFPMAC,False,20min,0.3333333333333333,63.324
2,LIB083,PEPQRMYAGFPMAC,False,30min,0.5,67.913
2,LIB083,PEPQRMYAGFPMAC,False,1hr,1.0,54.222
2,LIB083,PEPQRMYAGFPMAC,False,2hr,2.0,44.134
2,LIB083,PEPQRMYAGFPMAC,False,8hr,8.0,21.992
2,LIB083,PEPQRMYAGFPMAC,False,16hr,16.0,18.103
2,LIB083,PEPQRMYAGFPMAC,False,24hr,24.0,10.264
2,LIB083,PEPQRMYAGFPMAC,False,36hr,36.0,4.602
2,LIB083,PEPQRMYAGFPMAC,False,48hr,48.0,2.578
2,LIB083,PEPQRMYAGFPMAC,False,72hr,72.0,1.54
3,LIB083,PEPQRMYAGFPMAC,False,pre-bleed,,0.943
3,LIB083,PEPQRMYAGFPMAC,False,5min,0.08333333333333333,80.999
3,LIB083,PEPQRMYAGFPMAC,False,20min,0.3333333333333333,64.782
3,LIB083,PEPQRMYAGFPMAC,False,30min,0.5,53.171
3,LIB083,PEPQRMYAGFPMAC,False,1hr,1.0,40.231
3,LIB083,PEPQRMYAGFPMAC,False,2hr,2.0,34.611
3,LIB083,PEPQRMYAGFPMAC,False,8hr,8.0,22.179
3,LIB083,PEPQRMYAGFPMAC,False,16hr,16.0,18.486
3,LIB083,PEPQRMYAGFPMAC,False,24hr,24.0,10.396
3,LIB083,PEPQRMYAGFPMAC,False,36hr,36.0,5.889
3,LIB083,PEPQRMYAGFPMAC,False,48hr,48.0,3.89
3,LIB083,PEPQRMYAGFPMAC,False,72hr,72.0,1.693
1,LIB084,PEPQRMYAGFPLAC,False,pre-bleed,,1.998
1,LIB084,PEPQRMYAGFPLAC,False,5min,0.08333333333333333,80.761
1,LIB084,PEPQRMYAGFPLAC,False,20min,0.3333333333333333,63.384
1,LIB084,PEPQRMYAGFPLAC,False,30min,0.5,58.994
1,LIB084,PEPQRMYAGFPLAC,False,1hr,1.0,36.83
1,LIB084,PEPQRMYAGFPLAC,False,2hr,2.0,35.771
1,LIB084,PEPQRMYAGFPLAC,False,8hr,8.0,24.264
1,LIB084,PEPQRMYAGFPLAC,False,16hr,16.0,18.883
1,LIB084,PEPQRMYAGFPLAC,False,24hr,24.0,14.032
1,LIB084,PEPQRMYAGFPLAC,False,36hr,36.0,10.717
1,LIB084,PEPQRMYAGFPLAC,False,48hr,48.0,8.043
1,LIB084,PEPQRMYAGFPLAC,False,72hr,72.0,3.894
2,LIB084,PEPQRMYAGFPLAC,False,pre-bleed,,1.884
2,LIB084,PEPQRMYAGFPLAC,False,5min,0.08333333333333333,72.529
2,LIB084,PEPQRMYAGFPLAC,False,20min,0.3333333333333333,58.409
2,LIB084,PEPQRMYAGFPLAC,False,30min,0.5,41.563
2,LIB084,PEPQRMYAGFPLAC,False,1hr,1.0,31.445
2,LIB084,PEPQRMYAGFPLAC,False,2hr,2.0,25.527
2,LIB084,PEPQRMYAGFPLAC,False,8hr,8.0,25.907
2,LIB084,PEPQRMYAGFPLAC,False,16hr,16.0,9.409
2,LIB084,PEPQRMYAGFPLAC,False,24hr,24.0,9.837
2,LIB084,PEPQRMYAGFPLAC,False,36hr,36.0,4.877
2,LIB084,PEPQRMYAGFPLAC,False,48hr,48.0,3.259
2,LIB084,PEPQRMYAGFPLAC,False,72hr,72.0,2.248
3,LIB084,PEPQRMYAGFPLAC,False,pre-bleed,,1.341
3,LIB084,PEPQRMYAGFPLAC,False,5min,0.08333333333333333,68.512
3,LIB084,PEPQRMYAGFPLAC,False,20min,0.3333333333333333,50.634
3,LIB084,PEPQRMYAGFPLAC,False,30min,0.5,53.763
3,LIB084,PEPQRMYAGFPLAC,False,1hr,1.0,36.111
3,LIB084,PEPQRMYAGFPLAC,False,2hr,2.0,33.518
3,LIB084,PEPQRMYAGFPLAC,False,8hr,8.0,24.395
3,LIB084,PEPQRMYAGFPLAC,False,16hr,16.0,17.165
3,LIB084,PEPQRMYAGFPLAC,False,24hr,24.0,16.128
3,LIB084,PEPQRMYAGFPLAC,False,36hr,36.0,8.65
3,LIB084,PEPQRMYAGFPLAC,False,48hr,48.0,5.688
3,LIB084,PEPQRMYAGFPLAC,False,72hr,72.0,3.298
1,LIB085,PEPQRMYAGFPIAC,False,pre-bleed,,1.342
1,LIB085,PEPQRMYAGFPIAC,False,5min,0.08333333333333333,103.08
1,LIB085,PEPQRMYAGFPIAC,False,20min,0.3333333333333333,57.996
1,LIB085,PEPQRMYAGFPIAC,False,30min,0.5,36.075
1,LIB085,PEPQRMYAGFPIAC,False,1hr,1.0,37.107
1,LIB085,PEPQRMYAGFPIAC,False,2hr,2.0,31.945
1,LIB085,PEPQRMYAGFPIAC,False,8hr,8.0,25.189
1,LIB085,PEPQRMYAGFPIAC,False,16hr,16.0,18.925
1,LIB085,PEPQRMYAGFPIAC,False,24hr,24.0,13.617
1,LIB085,PEPQRMYAGFPIAC,False,36hr,36.0,8.819
1,LIB085,PEPQRMYAGFPIAC,False,48hr,48.0,6.262
1,LIB085,PEPQRMYAGFPIAC,False,72hr,72.0,2.926
2,LIB085,PEPQRMYAGFPIAC,False,pre-bleed,,1.047
2,LIB085,PEPQRMYAGFPIAC,False,5min,0.08333333333333333,86.54
2,LIB085,PEPQRMYAGFPIAC,False,20min,0.3333333333333333,56.116
2,LIB085,PEPQRMYAGFPIAC,False,30min,0.5,52.46
2,LIB085,PEPQRMYAGFPIAC,False,1hr,1.0,48.652
2,LIB085,PEPQRMYAGFPIAC,False,2hr,2.0,34.056
2,LIB085,PEPQRMYAGFPIAC,False,8hr,8.0,23.811
2,LIB085,PEPQRMYAGFPIAC,False,16hr,16.0,10.983
2,LIB085,PEPQRMYAGFPIAC,False,24hr,24.0,12.439
2,LIB085,PEPQRMYAGFPIAC,False,36hr,36.0,4.706
2,LIB085,PEPQRMYAGFPIAC,False,48hr,48.0,3.994
2,LIB085,PEPQRMYAGFPIAC,False,72hr,72.0,1.937
3,LIB085,PEPQRMYAGFPIAC,False,pre-bleed,,1.208
3,LIB085,PEPQRMYAGFPIAC,False,5min,0.08333333333333333,87.254
3,LIB085,PEPQRMYAGFPIAC,False,20min,0.3333333333333333,48.369
3,LIB085,PEPQRMYAGFPIAC,False,30min,0.5,57.43
3,LIB085,PEPQRMYAGFPIAC,False,1hr,1.0,38.729
3,LIB085,PEPQRMYAGFPIAC,False,2hr,2.0,33.216
3,LIB085,PEPQRMYAGFPIAC,False,8hr,8.0,25.891
3,LIB085,PEPQRMYAGFPIAC,False,16hr,16.0,20.887
3,LIB085,PEPQRMYAGFPIAC,False,24hr,24.0,13.474
3,LIB085,PEPQRMYAGFPIAC,False,36hr,36.0,7.607
3,LIB085,PEPQRMYAGFPIAC,False,48hr,48.0,6.476
3,LIB085,PEPQRMYAGFPIAC,False,72hr,72.0,3.183
1,LIB086,PEPQRMYVGFPDAC,False,pre-bleed,,0.757
1,LIB086,PEPQRMYVGFPDAC,False,5min,0.08333333333333333,76.55
1,LIB086,PEPQRMYVGFPDAC,False,20min,0.3333333333333333,60.382
1,LIB086,PEPQRMYVGFPDAC,False,30min,0.5,43.761
1,LIB086,PEPQRMYVGFPDAC,False,1hr,1.0,32.921
1,LIB086,PEPQRMYVGFPDAC,False,2hr,2.0,37.073
1,LIB086,PEPQRMYVGFPDAC,False,8hr,8.0,18.721
1,LIB086,PEPQRMYVGFPDAC,False,16hr,16.0,9.747
1,LIB086,PEPQRMYVGFPDAC,False,24hr,24.0,4.954
1,LIB086,PEPQRMYVGFPDAC,False,36hr,36.0,2.276
1,LIB086,PEPQRMYVGFPDAC,False,48hr,48.0,1.291
1,LIB086,PEPQRMYVGFPDAC,False,72hr,72.0,0.955
2,LIB086,PEPQRMYVGFPDAC,False,pre-bleed,,0.973
2,LIB086,PEPQRMYVGFPDAC,False,5min,0.08333333333333333,81.912
2,LIB086,PEPQRMYVGFPDAC,False,20min,0.3333333333333333,51.588
2,LIB086,PEPQRMYVGFPDAC,False,30min,0.5,68.561
2,LIB086,PEPQRMYVGFPDAC,False,1hr,1.0,42.706
2,LIB086,PEPQRMYVGFPDAC,False,2hr,2.0,21.003
2,LIB086,PEPQRMYVGFPDAC,False,8hr,8.0,11.632
2,LIB086,PEPQRMYVGFPDAC,False,16hr,16.0,6.05
2,LIB086,PEPQRMYVGFPDAC,False,24hr,24.0,2.908
2,LIB086,PEPQRMYVGFPDAC,False,36hr,36.0,1.555
2,LIB086,PEPQRMYVGFPDAC,False,48hr,48.0,1.354
2,LIB086,PEPQRMYVGFPDAC,False,72hr,72.0,1.233
3,LIB086,PEPQRMYVGFPDAC,False,pre-bleed,,0.996
3,LIB086,PEPQRMYVGFPDAC,False,5min,0.08333333333333333,95.439
3,LIB086,PEPQRMYVGFPDAC,False,20min,0.3333333333333333,50.176
3,LIB086,PEPQRMYVGFPDAC,False,30min,0.5,59.633
3,LIB086,PEPQRMYVGFPDAC,False,1hr,1.0,37.923
3,LIB086,PEPQRMYVGFPDAC,False,2hr,2.0,36.154
3,LIB086,PEPQRMYVGFPDAC,False,8hr,8.0,16.474
3,LIB086,PEPQRMYVGFPDAC,False,16hr,16.0,8.576
3,LIB086,PEPQRMYVGFPDAC,False,24hr,24.0,4.559
3,LIB086,PEPQRMYVGFPDAC,False,36hr,36.0,2.413
3,LIB086,PEPQRMYVGFPDAC,False,48hr,48.0,1.486
3,LIB086,PEPQRMYVGFPDAC,False,72hr,72.0,1.085
1,LIB087,PEPQRMYVGFPEAC,False,pre-bleed,,1.18
1,LIB087,PEPQRMYVGFPEAC,False,5min,0.08333333333333333,92.588
1,LIB087,PEPQRMYVGFPEAC,False,20min,0.3333333333333333,50.712
1,LIB087,PEPQRMYVGFPEAC,False,30min,0.5,48.794
1,LIB087,PEPQRMYVGFPEAC,False,1hr,1.0,30.493
1,LIB087,PEPQRMYVGFPEAC,False,2hr,2.0,28.547
1,LIB087,PEPQRMYVGFPEAC,False,8hr,8.0,15.901
1,LIB087,PEPQRMYVGFPEAC,False,16hr,16.0,6.84
1,LIB087,PEPQRMYVGFPEAC,False,24hr,24.0,4.908
1,LIB087,PEPQRMYVGFPEAC,False,36hr,36.0,2.238
1,LIB087,PEPQRMYVGFPEAC,False,48hr,48.0,1.625
1,LIB087,PEPQRMYVGFPEAC,False,72hr,72.0,1.333
2,LIB087,PEPQRMYVGFPEAC,False,pre-bleed,,1.552
2,LIB087,PEPQRMYVGFPEAC,False,5min,0.08333333333333333,105.585
2,LIB087,PEPQRMYVGFPEAC,False,20min,0.3333333333333333,67.792
2,LIB087,PEPQRMYVGFPEAC,False,30min,0.5,52.368
2,LIB087,PEPQRMYVGFPEAC,False,1hr,1.0,26.95
2,LIB087,PEPQRMYVGFPEAC,False,2hr,2.0,24.286
2,LIB087,PEPQRMYVGFPEAC,False,8hr,8.0,10.159
2,LIB087,PEPQRMYVGFPEAC,False,16hr,16.0,4.907
2,LIB087,PEPQRMYVGFPEAC,False,24hr,24.0,2.4
2,LIB087,PEPQRMYVGFPEAC,False,36hr,36.0,1.586
2,LIB087,PEPQRMYVGFPEAC,False,48hr,48.0,1.492
2,LIB087,PEPQRMYVGFPEAC,False,72hr,72.0,1.47
3,LIB087,PEPQRMYVGFPEAC,False,pre-bleed,,1.976
3,LIB087,PEPQRMYVGFPEAC,False,5min,0.08333333333333333,91.559
3,LIB087,PEPQRMYVGFPEAC,False,20min,0.3333333333333333,51.136
3,LIB087,PEPQRMYVGFPEAC,False,30min,0.5,48.582
3,LIB087,PEPQRMYVGFPEAC,False,1hr,1.0,29.6
3,LIB087,PEPQRMYVGFPEAC,False,2hr,2.0,26.966
3,LIB087,PEPQRMYVGFPEAC,False,8hr,8.0,17.409
3,LIB087,PEPQRMYVGFPEAC,False,16hr,16.0,6.767
3,LIB087,PEPQRMYVGFPEAC,False,24hr,24.0,4.44
3,LIB087,PEPQRMYVGFPEAC,False,36hr,36.0,2.256
3,LIB087,PEPQRMYVGFPEAC,False,48hr,48.0,1.74
3,LIB087,PEPQRMYVGFPEAC,False,72hr,72.0,1.503
1,LIB088,PEPQRMYVGFPMAC,False,pre-bleed,,1.211
1,LIB088,PEPQRMYVGFPMAC,False,5min,0.08333333333333333,88.327
1,LIB088,PEPQRMYVGFPMAC,False,20min,0.3333333333333333,54.949
1,LIB088,PEPQRMYVGFPMAC,False,30min,0.5,56.097
1,LIB088,PEPQRMYVGFPMAC,False,1hr,1.0,42.916
1,LIB088,PEPQRMYVGFPMAC,False,2hr,2.0,45.56
1,LIB088,PEPQRMYVGFPMAC,False,8hr,8.0,25.093
1,LIB088,PEPQRMYVGFPMAC,False,16hr,16.0,18.745
1,LIB088,PEPQRMYVGFPMAC,False,24hr,24.0,13.175
1,LIB088,PEPQRMYVGFPMAC,False,36hr,36.0,8.986
1,LIB088,PEPQRMYVGFPMAC,False,48hr,48.0,5.949
1,LIB088,PEPQRMYVGFPMAC,False,72hr,72.0,2.882
2,LIB088,PEPQRMYVGFPMAC,False,pre-bleed,,1.469
2,LIB088,PEPQRMYVGFPMAC,False,5min,0.08333333333333333,89.298
2,LIB088,PEPQRMYVGFPMAC,False,20min,0.3333333333333333,95.057
2,LIB088,PEPQRMYVGFPMAC,False,30min,0.5,46.978
2,LIB088,PEPQRMYVGFPMAC,False,1hr,1.0,42.54
2,LIB088,PEPQRMYVGFPMAC,False,2hr,2.0,31.416
2,LIB088,PEPQRMYVGFPMAC,False,8hr,8.0,33.154
2,LIB088,PEPQRMYVGFPMAC,False,16hr,16.0,18.392
2,LIB088,PEPQRMYVGFPMAC,False,24hr,24.0,9.565
2,LIB088,PEPQRMYVGFPMAC,False,36hr,36.0,6.28
2,LIB088,PEPQRMYVGFPMAC,False,48hr,48.0,3.721
2,LIB088,PEPQRMYVGFPMAC,False,72hr,72.0,1.943
3,LIB088,PEPQRMYVGFPMAC,False,pre-bleed,,1.439
3,LIB088,PEPQRMYVGFPMAC,False,5min,0.08333333333333333,96.25
3,LIB088,PEPQRMYVGFPMAC,False,20min,0.3333333333333333,67.305
3,LIB088,PEPQRMYVGFPMAC,False,30min,0.5,52.573
3,LIB088,PEPQRMYVGFPMAC,False,1hr,1.0,50.709
3,LIB088,PEPQRMYVGFPMAC,False,2hr,2.0,32.106
3,LIB088,PEPQRMYVGFPMAC,False,8hr,8.0,29.656
3,LIB088,PEPQRMYVGFPMAC,False,16hr,16.0,20.242
3,LIB088,PEPQRMYVGFPMAC,False,24hr,24.0,18.722
3,LIB088,PEPQRMYVGFPMAC,False,36hr,36.0,9.304
3,LIB088,PEPQRMYVGFPMAC,False,48hr,48.0,6.369
3,LIB088,PEPQRMYVGFPMAC,False,72hr,72.0,3.223
1,LIB089,PEPQRMYVGFPLAC,False,pre-bleed,,1.028
1,LIB089,PEPQRMYVGFPLAC,False,5min,0.08333333333333333,81.691
1,LIB089,PEPQRMYVGFPLAC,False,20min,0.3333333333333333,48.25
1,LIB089,PEPQRMYVGFPLAC,False,30min,0.5,53.739
1,LIB089,PEPQRMYVGFPLAC,False,1hr,1.0,32.66
1,LIB089,PEPQRMYVGFPLAC,False,2hr,2.0,38.006
1,LIB089,PEPQRMYVGFPLAC,False,8hr,8.0,26.92
1,LIB089,PEPQRMYVGFPLAC,False,16hr,16.0,27.307
1,LIB089,PEPQRMYVGFPLAC,False,24hr,24.0,19.672
1,LIB089,PEPQRMYVGFPLAC,False,36hr,36.0,11.573
1,LIB089,PEPQRMYVGFPLAC,False,48hr,48.0,8.382
1,LIB089,PEPQRMYVGFPLAC,False,72hr,72.0,5.189
2,LIB089,PEPQRMYVGFPLAC,False,pre-bleed,,1.241
2,LIB089,PEPQRMYVGFPLAC,False,5min,0.08333333333333333,99.963
2,LIB089,PEPQRMYVGFPLAC,False,20min,0.3333333333333333,67.899
2,LIB089,PEPQRMYVGFPLAC,False,30min,0.5,48.689
2,LIB089,PEPQRMYVGFPLAC,False,1hr,1.0,35.825
2,LIB089,PEPQRMYVGFPLAC,False,2hr,2.0,24.663
2,LIB089,PEPQRMYVGFPLAC,False,8hr,8.0,20.602
2,LIB089,PEPQRMYVGFPLAC,False,16hr,16.0,17.612
2,LIB089,PEPQRMYVGFPLAC,False,24hr,24.0,11.459
2,LIB089,PEPQRMYVGFPLAC,False,36hr,36.0,7.085
2,LIB089,PEPQRMYVGFPLAC,False,48hr,48.0,5.025
2,LIB089,PEPQRMYVGFPLAC,False,72hr,72.0,2.028
3,LIB089,PEPQRMYVGFPLAC,False,pre-bleed,,1.945
3,LIB089,PEPQRMYVGFPLAC,False,5min,0.08333333333333333,89.758
3,LIB089,PEPQRMYVGFPLAC,False,20min,0.3333333333333333,75.223
3,LIB089,PEPQRMYVGFPLAC,False,30min,0.5,44.247
3,LIB089,PEPQRMYVGFPLAC,False,1hr,1.0,39.304
3,LIB089,PEPQRMYVGFPLAC,False,2hr,2.0,35.698
3,LIB089,PEPQRMYVGFPLAC,False,8hr,8.0,26.008
3,LIB089,PEPQRMYVGFPLAC,False,16hr,16.0,23.607
3,LIB089,PEPQRMYVGFPLAC,False,24hr,24.0,16.366
3,LIB089,PEPQRMYVGFPLAC,False,36hr,36.0,14.211
3,LIB089,PEPQRMYVGFPLAC,False,48hr,48.0,10.776
3,LIB089,PEPQRMYVGFPLAC,False,72hr,72.0,5.719
1,LIB090,PEPQRMYVGFPIAC,False,pre-bleed,,0.714
1,LIB090,PEPQRMYVGFPIAC,False,5min,0.08333333333333333,83.796
1,LIB090,PEPQRMYVGFPIAC,False,20min,0.3333333333333333,49.872
1,LIB090,PEPQRMYVGFPIAC,False,30min,0.5,37.601
1,LIB090,PEPQRMYVGFPIAC,False,1hr,1.0,35.734
1,LIB090,PEPQRMYVGFPIAC,False,2hr,2.0,27.06
1,LIB090,PEPQRMYVGFPIAC,False,8hr,8.0,22.487
1,LIB090,PEPQRMYVGFPIAC,False,16hr,16.0,19.801
1,LIB090,PEPQRMYVGFPIAC,False,24hr,24.0,18.164
1,LIB090,PEPQRMYVGFPIAC,False,36hr,36.0,12.565
1,LIB090,PEPQRMYVGFPIAC,False,48hr,48.0,7.888
1,LIB090,PEPQRMYVGFPIAC,False,72hr,72.0,4.302
2,LIB090,PEPQRMYVGFPIAC,False,pre-bleed,,1.001
2,LIB090,PEPQRMYVGFPIAC,False,5min,0.08333333333333333,86.506
2,LIB090,PEPQRMYVGFPIAC,False,20min,0.3333333333333333,64.4
2,LIB090,PEPQRMYVGFPIAC,False,30min,0.5,50.486
2,LIB090,PEPQRMYVGFPIAC,False,1hr,1.0,23.637
2,LIB090,PEPQRMYVGFPIAC,False,2hr,2.0,36.044
2,LIB090,PEPQRMYVGFPIAC,False,8hr,8.0,29.784
2,LIB090,PEPQRMYVGFPIAC,False,16hr,16.0,20.394
2,LIB090,PEPQRMYVGFPIAC,False,24hr,24.0,13.32
2,LIB090,PEPQRMYVGFPIAC,False,36hr,36.0,10.55
2,LIB090,PEPQRMYVGFPIAC,False,48hr,48.0,5.43
2,LIB090,PEPQRMYVGFPIAC,False,72hr,72.0,2.499
3,LIB090,PEPQRMYVGFPIAC,False,pre-bleed,,0.688
3,LIB090,PEPQRMYVGFPIAC,False,5min,0.08333333333333333,103.696
3,LIB090,PEPQRMYVGFPIAC,False,20min,0.3333333333333333,65.087
3,LIB090,PEPQRMYVGFPIAC,False,30min,0.5,62.493
3,LIB090,PEPQRMYVGFPIAC,False,1hr,1.0,43.452
3,LIB090,PEPQRMYVGFPIAC,False,2hr,2.0,42.658
3,LIB090,PEPQRMYVGFPIAC,False,8hr,8.0,30.033
3,LIB090,PEPQRMYVGFPIAC,False,16hr,16.0,26.25
3,LIB090,PEPQRMYVGFPIAC,False,24hr,24.0,21.204
3,LIB090,PEPQRMYVGFPIAC,False,36hr,36.0,17.092
3,LIB090,PEPQRMYVGFPIAC,False,48hr,48.0,8.854
3,LIB090,PEPQRMYVGFPIAC,False,72hr,72.0,5.502
1,LIB091,PEPQRMYFGFPDAC,False,pre-bleed,,1.138
1,LIB091,PEPQRMYFGFPDAC,False,5min,0.08333333333333333,105.746
1,LIB091,PEPQRMYFGFPDAC,False,20min,0.3333333333333333,68.128
1,LIB091,PEPQRMYFGFPDAC,False,30min,0.5,62.665
1,LIB091,PEPQRMYFGFPDAC,False,1hr,1.0,50.447
1,LIB091,PEPQRMYFGFPDAC,False,2hr,2.0,44.325
1,LIB091,PEPQRMYFGFPDAC,False,8hr,8.0,29.329
1,LIB091,PEPQRMYFGFPDAC,False,16hr,16.0,19.231
1,LIB091,PEPQRMYFGFPDAC,False,24hr,24.0,13.56
1,LIB091,PEPQRMYFGFPDAC,False,36hr,36.0,8.829
1,LIB091,PEPQRMYFGFPDAC,False,48hr,48.0,5.223
1,LIB091,PEPQRMYFGFPDAC,False,72hr,72.0,2.487
2,LIB091,PEPQRMYFGFPDAC,False,pre-bleed,,1.01
2,LIB091,PEPQRMYFGFPDAC,False,5min,0.08333333333333333,113.63
2,LIB091,PEPQRMYFGFPDAC,False,20min,0.3333333333333333,56.076
2,LIB091,PEPQRMYFGFPDAC,False,30min,0.5,45.737
2,LIB091,PEPQRMYFGFPDAC,False,1hr,1.0,33.984
2,LIB091,PEPQRMYFGFPDAC,False,2hr,2.0,39.124
2,LIB091,PEPQRMYFGFPDAC,False,8hr,8.0,13.364
2,LIB091,PEPQRMYFGFPDAC,False,16hr,16.0,11.258
2,LIB091,PEPQRMYFGFPDAC,False,24hr,24.0,12.704
2,LIB091,PEPQRMYFGFPDAC,False,36hr,36.0,4.957
2,LIB091,PEPQRMYFGFPDAC,False,48hr,48.0,2.438
2,LIB091,PEPQRMYFGFPDAC,False,72hr,72.0,1.395
3,LIB091,PEPQRMYFGFPDAC,False,pre-bleed,,1.038
3,LIB091,PEPQRMYFGFPDAC,False,5min,0.08333333333333333,97.725
3,LIB091,PEPQRMYFGFPDAC,False,20min,0.3333333333333333,59.838
3,LIB091,PEPQRMYFGFPDAC,False,30min,0.5,48.776
3,LIB091,PEPQRMYFGFPDAC,False,1hr,1.0,33.164
3,LIB091,PEPQRMYFGFPDAC,False,2hr,2.0,28.13
3,LIB091,PEPQRMYFGFPDAC,False,8hr,8.0,22.196
3,LIB091,PEPQRMYFGFPDAC,False,16hr,16.0,14.653
3,LIB091,PEPQRMYFGFPDAC,False,24hr,24.0,11.742
3,LIB091,PEPQRMYFGFPDAC,False,36hr,36.0,5.952
3,LIB091,PEPQRMYFGFPDAC,False,48hr,48.0,3.215
3,LIB091,PEPQRMYFGFPDAC,False,72hr,72.0,1.897
1,LIB092,PEPQRMYFGFPEAC,False,pre-bleed,,1.524
1,LIB092,PEPQRMYFGFPEAC,False,5min,0.08333333333333333,83.118
1,LIB092,PEPQRMYFGFPEAC,False,20min,0.3333333333333333,56.641
1,LIB092,PEPQRMYFGFPEAC,False,30min,0.5,43.434
1,LIB092,PEPQRMYFGFPEAC,False,1hr,1.0,35.957
1,LIB092,PEPQRMYFGFPEAC,False,2hr,2.0,29.252
1,LIB092,PEPQRMYFGFPEAC,False,8hr,8.0,23.86
1,LIB092,PEPQRMYFGFPEAC,False,16hr,16.0,15.448
1,LIB092,PEPQRMYFGFPEAC,False,24hr,24.0,9.88
1,LIB092,PEPQRMYFGFPEAC,False,36hr,36.0,6.99
1,LIB092,PEPQRMYFGFPEAC,False,48hr,48.0,4.154
1,LIB092,PEPQRMYFGFPEAC,False,72hr,72.0,2.056
2,LIB092,PEPQRMYFGFPEAC,False,pre-bleed,,1.348
2,LIB092,PEPQRMYFGFPEAC,False,5min,0.08333333333333333,76.092
2,LIB092,PEPQRMYFGFPEAC,False,20min,0.3333333333333333,47.668
2,LIB092,PEPQRMYFGFPEAC,False,30min,0.5,48.985
2,LIB092,PEPQRMYFGFPEAC,False,1hr,1.0,42.278
2,LIB092,PEPQRMYFGFPEAC,False,2hr,2.0,29.418
2,LIB092,PEPQRMYFGFPEAC,False,8hr,8.0,33.484
2,LIB092,PEPQRMYFGFPEAC,False,16hr,16.0,16.021
2,LIB092,PEPQRMYFGFPEAC,False,24hr,24.0,10.761
2,LIB092,PEPQRMYFGFPEAC,False,36hr,36.0,5.401
2,LIB092,PEPQRMYFGFPEAC,False,48hr,48.0,3.626
2,LIB092,PEPQRMYFGFPEAC,False,72hr,72.0,1.772
3,LIB092,PEPQRMYFGFPEAC,False,pre-bleed,,1.561
3,LIB092,PEPQRMYFGFPEAC,False,5min,0.08333333333333333,80.498
3,LIB092,PEPQRMYFGFPEAC,False,20min,0.3333333333333333,50.04
3,LIB092,PEPQRMYFGFPEAC,False,30min,0.5,43.946
3,LIB092,PEPQRMYFGFPEAC,False,1hr,1.0,27.672
3,LIB092,PEPQRMYFGFPEAC,False,2hr,2.0,23.91
3,LIB092,PEPQRMYFGFPEAC,False,8hr,8.0,24.115
3,LIB092,PEPQRMYFGFPEAC,False,16hr,16.0,14.394
3,LIB092,PEPQRMYFGFPEAC,False,24hr,24.0,9.539
3,LIB092,PEPQRMYFGFPEAC,False,36hr,36.0,5.976
3,LIB092,PEPQRMYFGFPEAC,False,48hr,48.0,3.984
3,LIB092,PEPQRMYFGFPEAC,False,72hr,72.0,2.263
1,LIB093,PEPQRMYFGFPMAC,False,pre-bleed,,1.295
1,LIB093,PEPQRMYFGFPMAC,False,5min,0.08333333333333333,77.979
1,LIB093,PEPQRMYFGFPMAC,False,20min,0.3333333333333333,50.98
1,LIB093,PEPQRMYFGFPMAC,False,30min,0.5,38.221
1,LIB093,PEPQRMYFGFPMAC,False,1hr,1.0,32.728
1,LIB093,PEPQRMYFGFPMAC,False,2hr,2.0,32.095
1,LIB093,PEPQRMYFGFPMAC,False,8hr,8.0,28.394
1,LIB093,PEPQRMYFGFPMAC,False,16hr,16.0,21.053
1,LIB093,PEPQRMYFGFPMAC,False,24hr,24.0,19.364
1,LIB093,PEPQRMYFGFPMAC,False,36hr,36.0,12.703
1,LIB093,PEPQRMYFGFPMAC,False,48hr,48.0,10.198
1,LIB093,PEPQRMYFGFPMAC,False,72hr,72.0,5.147
2,LIB093,PEPQRMYFGFPMAC,False,pre-bleed,,1.392
2,LIB093,PEPQRMYFGFPMAC,False,5min,0.08333333333333333,71.489
2,LIB093,PEPQRMYFGFPMAC,False,20min,0.3333333333333333,47.171
2,LIB093,PEPQRMYFGFPMAC,False,30min,0.5,49.523
2,LIB093,PEPQRMYFGFPMAC,False,1hr,1.0,36.269
2,LIB093,PEPQRMYFGFPMAC,False,2hr,2.0,26.616
2,LIB093,PEPQRMYFGFPMAC,False,8hr,8.0,26.947
2,LIB093,PEPQRMYFGFPMAC,False,16hr,16.0,14.455
2,LIB093,PEPQRMYFGFPMAC,False,24hr,24.0,11.159
2,LIB093,PEPQRMYFGFPMAC,False,36hr,36.0,9.874
2,LIB093,PEPQRMYFGFPMAC,False,48hr,48.0,5.85
2,LIB093,PEPQRMYFGFPMAC,False,72hr,72.0,2.651
3,LIB093,PEPQRMYFGFPMAC,False,pre-bleed,,1.038
3,LIB093,PEPQRMYFGFPMAC,False,5min,0.08333333333333333,86.338
3,LIB093,PEPQRMYFGFPMAC,False,20min,0.3333333333333333,65.343
3,LIB093,PEPQRMYFGFPMAC,False,30min,0.5,60.821
3,LIB093,PEPQRMYFGFPMAC,False,1hr,1.0,39.084
3,LIB093,PEPQRMYFGFPMAC,False,2hr,2.0,31.668
3,LIB093,PEPQRMYFGFPMAC,False,8hr,8.0,32.057
3,LIB093,PEPQRMYFGFPMAC,False,16hr,16.0,25.092
3,LIB093,PEPQRMYFGFPMAC,False,24hr,24.0,21.512
3,LIB093,PEPQRMYFGFPMAC,False,36hr,36.0,16.418
3,LIB093,PEPQRMYFGFPMAC,False,48hr,48.0,16.671
3,LIB093,PEPQRMYFGFPMAC,False,72hr,72.0,6.516
1,LIB094,PEPQRMYFGFPLAC,False,pre-bleed,,1.488
1,LIB094,PEPQRMYFGFPLAC,False,5min,0.08333333333333333,84.694
1,LIB094,PEPQRMYFGFPLAC,False,20min,0.3333333333333333,58.182
1,LIB094,PEPQRMYFGFPLAC,False,30min,0.5,49.956
1,LIB094,PEPQRMYFGFPLAC,False,1hr,1.0,37.957
1,LIB094,PEPQRMYFGFPLAC,False,2hr,2.0,33.674
1,LIB094,PEPQRMYFGFPLAC,False,8hr,8.0,28.98
1,LIB094,PEPQRMYFGFPLAC,False,16hr,16.0,25.548
1,LIB094,PEPQRMYFGFPLAC,False,24hr,24.0,22.687
1,LIB094,PEPQRMYFGFPLAC,False,36hr,36.0,14.3
1,LIB094,PEPQRMYFGFPLAC,False,48hr,48.0,11.396
1,LIB094,PEPQRMYFGFPLAC,False,72hr,72.0,6.705
2,LIB094,PEPQRMYFGFPLAC,False,pre-bleed,,1.213
2,LIB094,PEPQRMYFGFPLAC,False,5min,0.08333333333333333,84.989
2,LIB094,PEPQRMYFGFPLAC,False,20min,0.3333333333333333,68.34
2,LIB094,PEPQRMYFGFPLAC,False,30min,0.5,64.382
2,LIB094,PEPQRMYFGFPLAC,False,1hr,1.0,35.692
2,LIB094,PEPQRMYFGFPLAC,False,2hr,2.0,33.045
2,LIB094,PEPQRMYFGFPLAC,False,8hr,8.0,29.813
2,LIB094,PEPQRMYFGFPLAC,False,16hr,16.0,34.642
2,LIB094,PEPQRMYFGFPLAC,False,24hr,24.0,17.473
2,LIB094,PEPQRMYFGFPLAC,False,36hr,36.0,14.246
2,LIB094,PEPQRMYFGFPLAC,False,48hr,48.0,9.011
2,LIB094,PEPQRMYFGFPLAC,False,72hr,72.0,3.888
3,LIB094,PEPQRMYFGFPLAC,False,pre-bleed,,1.507
3,LIB094,PEPQRMYFGFPLAC,False,5min,0.08333333333333333,61.669
3,LIB094,PEPQRMYFGFPLAC,False,20min,0.3333333333333333,58.383
3,LIB094,PEPQRMYFGFPLAC,False,30min,0.5,55.503
3,LIB094,PEPQRMYFGFPLAC,False,1hr,1.0,37.614
3,LIB094,PEPQRMYFGFPLAC,False,2hr,2.0,35.507
3,LIB094,PEPQRMYFGFPLAC,False,8hr,8.0,26.102
3,LIB094,PEPQRMYFGFPLAC,False,16hr,16.0,21.16
3,LIB094,PEPQRMYFGFPLAC,False,24hr,24.0,20.534
3,LIB094,PEPQRMYFGFPLAC,False,36hr,36.0,16.365
3,LIB094,PEPQRMYFGFPLAC,False,48hr,48.0,12.487
3,LIB094,PEPQRMYFGFPLAC,False,72hr,72.0,9.325
1,LIB095,PEPQRMYFGFPIAC,False,pre-bleed,,0.808
1,LIB095,PEPQRMYFGFPIAC,False,5min,0.08333333333333333,82.262
1,LIB095,PEPQRMYFGFPIAC,False,20min,0.3333333333333333,72.931
1,LIB095,PEPQRMYFGFPIAC,False,30min,0.5,52.669
1,LIB095,PEPQRMYFGFPIAC,False,1hr,1.0,30.711
1,LIB095,PEPQRMYFGFPIAC,False,2hr,2.0,23.028
1,LIB095,PEPQRMYFGFPIAC,False,8hr,8.0,30.085
1,LIB095,PEPQRMYFGFPIAC,False,16hr,16.0,22.733
1,LIB095,PEPQRMYFGFPIAC,False,24hr,24.0,21.528
1,LIB095,PEPQRMYFGFPIAC,False,36hr,36.0,13.138
1,LIB095,PEPQRMYFGFPIAC,False,48hr,48.0,11.379
1,LIB095,PEPQRMYFGFPIAC,False,72hr,72.0,7.069
2,LIB095,PEPQRMYFGFPIAC,False,pre-bleed,,1.347
2,LIB095,PEPQRMYFGFPIAC,False,5min,0.08333333333333333,98.349
2,LIB095,PEPQRMYFGFPIAC,False,20min,0.3333333333333333,53.779
2,LIB095,PEPQRMYFGFPIAC,False,30min,0.5,39.321
2,LIB095,PEPQRMYFGFPIAC,False,1hr,1.0,50.959
2,LIB095,PEPQRMYFGFPIAC,False,2hr,2.0,29.932
2,LIB095,PEPQRMYFGFPIAC,False,8hr,8.0,24.454
2,LIB095,PEPQRMYFGFPIAC,False,16hr,16.0,20.235
2,LIB095,PEPQRMYFGFPIAC,False,24hr,24.0,15.871
2,LIB095,PEPQRMYFGFPIAC,False,36hr,36.0,10.137
2,LIB095,PEPQRMYFGFPIAC,False,48hr,48.0,7.443
2,LIB095,PEPQRMYFGFPIAC,False,72hr,72.0,3.933
3,LIB095,PEPQRMYFGFPIAC,False,pre-bleed,,1.328
3,LIB095,PEPQRMYFGFPIAC,False,5min,0.08333333333333333,70.408
3,LIB095,PEPQRMYFGFPIAC,False,20min,0.3333333333333333,48.711
3,LIB095,PEPQRMYFGFPIAC,False,30min,0.5,40.232
3,LIB095,PEPQRMYFGFPIAC,False,1hr,1.0,42.868
3,LIB095,PEPQRMYFGFPIAC,False,2hr,2.0,32.595
3,LIB095,PEPQRMYFGFPIAC,False,8hr,8.0,32.005
3,LIB095,PEPQRMYFGFPIAC,False,16hr,16.0,22.111
3,LIB095,PEPQRMYFGFPIAC,False,24hr,24.0,18.228
3,LIB095,PEPQRMYFGFPIAC,False,36hr,36.0,13.588
3,LIB095,PEPQRMYFGFPIAC,False,48hr,48.0,11.667
3,LIB095,PEPQRMYFGFPIAC,False,72hr,72.0,4.897
1,LIB096,PEPQRMYWGFPDAC,False,pre-bleed,,0.925
1,LIB096,PEPQRMYWGFPDAC,False,5min,0.08333333333333333,68.175
1,LIB096,PEPQRMYWGFPDAC,False,20min,0.3333333333333333,37.924
1,LIB096,PEPQRMYWGFPDAC,False,30min,0.5,35.551
1,LIB096,PEPQRMYWGFPDAC,False,1hr,1.0,37.099
1,LIB096,PEPQRMYWGFPDAC,False,2hr,2.0,31.917
1,LIB096,PEPQRMYWGFPDAC,False,8hr,8.0,25.844
1,LIB096,PEPQRMYWGFPDAC,False,16hr,16.0,17.798
1,LIB096,PEPQRMYWGFPDAC,False,24hr,24.0,13.242
1,LIB096,PEPQRMYWGFPDAC,False,36hr,36.0,9.722
1,LIB096,PEPQRMYWGFPDAC,False,48hr,48.0,7.729
1,LIB096,PEPQRMYWGFPDAC,False,72hr,72.0,4.508
2,LIB096,PEPQRMYWGFPDAC,False,pre-bleed,,1.273
2,LIB096,PEPQRMYWGFPDAC,False,5min,0.08333333333333333,92.133
2,LIB096,PEPQRMYWGFPDAC,False,20min,0.3333333333333333,95.222
2,LIB096,PEPQRMYWGFPDAC,False,30min,0.5,43.463
2,LIB096,PEPQRMYWGFPDAC,False,1hr,1.0,41.091
2,LIB096,PEPQRMYWGFPDAC,False,2hr,2.0,43.424
2,LIB096,PEPQRMYWGFPDAC,False,8hr,8.0,21.145
2,LIB096,PEPQRMYWGFPDAC,False,16hr,16.0,16.606
2,LIB096,PEPQRMYWGFPDAC,False,24hr,24.0,11.806
2,LIB096,PEPQRMYWGFPDAC,False,36hr,36.0,7.414
2,LIB096,PEPQRMYWGFPDAC,False,48hr,48.0,4.009
2,LIB096,PEPQRMYWGFPDAC,False,72hr,72.0,2.506
3,LIB096,PEPQRMYWGFPDAC,False,pre-bleed,,1.179
3,LIB096,PEPQRMYWGFPDAC,False,5min,0.08333333333333333,90.001
3,LIB096,PEPQRMYWGFPDAC,False,20min,0.3333333333333333,85.066
3,LIB096,PEPQRMYWGFPDAC,False,30min,0.5,57.21
3,LIB096,PEPQRMYWGFPDAC,False,1hr,1.0,37.132
3,LIB096,PEPQRMYWGFPDAC,False,2hr,2.0,36.982
3,LIB096,PEPQRMYWGFPDAC,False,8hr,8.0,25.627
3,LIB096,PEPQRMYWGFPDAC,False,16hr,16.0,20.309
3,LIB096,PEPQRMYWGFPDAC,False,24hr,24.0,16.165
3,LIB096,PEPQRMYWGFPDAC,False,36hr,36.0,12.01
3,LIB096,PEPQRMYWGFPDAC,False,48hr,48.0,9.733
3,LIB096,PEPQRMYWGFPDAC,False,72hr,72.0,4.989
1,LIB097,PEPQRMYWGFPEAC,False,pre-bleed,,1.401
1,LIB097,PEPQRMYWGFPEAC,False,5min,0.08333333333333333,86.347
1,LIB097,PEPQRMYWGFPEAC,False,20min,0.3333333333333333,62.643
1,LIB097,PEPQRMYWGFPEAC,False,30min,0.5,48.112
1,LIB097,PEPQRMYWGFPEAC,False,1hr,1.0,40.113
1,LIB097,PEPQRMYWGFPEAC,False,2hr,2.0,42.465
1,LIB097,PEPQRMYWGFPEAC,False,8hr,8.0,28.842
1,LIB097,PEPQRMYWGFPEAC,False,16hr,16.0,25.834
1,LIB097,PEPQRMYWGFPEAC,False,24hr,24.0,18.83
1,LIB097,PEPQRMYWGFPEAC,False,36hr,36.0,10.707
1,LIB097,PEPQRMYWGFPEAC,False,48hr,48.0,7.914
1,LIB097,PEPQRMYWGFPEAC,False,72hr,72.0,4.464
2,LIB097,PEPQRMYWGFPEAC,False,pre-bleed,,1.868
2,LIB097,PEPQRMYWGFPEAC,False,5min,0.08333333333333333,76.433
2,LIB097,PEPQRMYWGFPEAC,False,20min,0.3333333333333333,41.279
2,LIB097,PEPQRMYWGFPEAC,False,30min,0.5,48.925
2,LIB097,PEPQRMYWGFPEAC,False,1hr,1.0,36.499
2,LIB097,PEPQRMYWGFPEAC,False,2hr,2.0,32.257
2,LIB097,PEPQRMYWGFPEAC,False,8hr,8.0,32.102
2,LIB097,PEPQRMYWGFPEAC,False,16hr,16.0,19.022
2,LIB097,PEPQRMYWGFPEAC,False,24hr,24.0,12.273
2,LIB097,PEPQRMYWGFPEAC,False,36hr,36.0,5.959
2,LIB097,PEPQRMYWGFPEAC,False,48hr,48.0,4.174
2,LIB097,PEPQRMYWGFPEAC,False,72hr,72.0,2.508
3,LIB097,PEPQRMYWGFPEAC,False,pre-bleed,,1.502
3,LIB097,PEPQRMYWGFPEAC,False,5min,0.08333333333333333,84.167
3,LIB097,PEPQRMYWGFPEAC,False,20min,0.3333333333333333,49.218
3,LIB097,PEPQRMYWGFPEAC,False,30min,0.5,50.101
3,LIB097,PEPQRMYWGFPEAC,False,1hr,1.0,38.772
3,LIB097,PEPQRMYWGFPEAC,False,2hr,2.0,35.748
3,LIB097,PEPQRMYWGFPEAC,False,8hr,8.0,24.899
3,LIB097,PEPQRMYWGFPEAC,False,16hr,16.0,21.446
3,LIB097,PEPQRMYWGFPEAC,False,24hr,24.0,15.305
3,LIB097,PEPQRMYWGFPEAC,False,36hr,36.0,8.926
3,LIB097,PEPQRMYWGFPEAC,False,48hr,48.0,6.164
3,LIB097,PEPQRMYWGFPEAC,False,72hr,72.0,3.998
1,LIB098,PEPQRMYWGFPMAC,False,pre-bleed,,1.484
1,LIB098,PEPQRMYWGFPMAC,False,5min,0.08333333333333333,87.413
1,LIB098,PEPQRMYWGFPMAC,False,20min,0.3333333333333333,83.589
1,LIB098,PEPQRMYWGFPMAC,False,30min,0.5,61.82
1,LIB098,PEPQRMYWGFPMAC,False,1hr,1.0,41.99
1,LIB098,PEPQRMYWGFPMAC,False,2hr,2.0,35.433
1,LIB098,PEPQRMYWGFPMAC,False,8hr,8.0,33.424
1,LIB098,PEPQRMYWGFPMAC,False,16hr,16.0,22.296
1,LIB098,PEPQRMYWGFPMAC,False,24hr,24.0,23.619
1,LIB098,PEPQRMYWGFPMAC,False,36hr,36.0,14.873
1,LIB098,PEPQRMYWGFPMAC,False,48hr,48.0,12.859
1,LIB098,PEPQRMYWGFPMAC,False,72hr,72.0,6.927
2,LIB098,PEPQRMYWGFPMAC,False,pre-bleed,,1.868
2,LIB098,PEPQRMYWGFPMAC,False,5min,0.08333333333333333,89.62
2,LIB098,PEPQRMYWGFPMAC,False,20min,0.3333333333333333,57.398
2,LIB098,PEPQRMYWGFPMAC,False,30min,0.5,55.379
2,LIB098,PEPQRMYWGFPMAC,False,1hr,1.0,44.751
2,LIB098,PEPQRMYWGFPMAC,False,2hr,2.0,29.569
2,LIB098,PEPQRMYWGFPMAC,False,8hr,8.0,27.474
2,LIB098,PEPQRMYWGFPMAC,False,16hr,16.0,16.441
2,LIB098,PEPQRMYWGFPMAC,False,24hr,24.0,20.164
2,LIB098,PEPQRMYWGFPMAC,False,36hr,36.0,16.168
2,LIB098,PEPQRMYWGFPMAC,False,48hr,48.0,8.609
2,LIB098,PEPQRMYWGFPMAC,False,72hr,72.0,3.742
3,LIB098,PEPQRMYWGFPMAC,False,pre-bleed,,1.305
3,LIB098,PEPQRMYWGFPMAC,False,5min,0.08333333333333333,85.153
3,LIB098,PEPQRMYWGFPMAC,False,20min,0.3333333333333333,56.604
3,LIB098,PEPQRMYWGFPMAC,False,30min,0.5,51.758
3,LIB098,PEPQRMYWGFPMAC,False,1hr,1.0,38.085
3,LIB098,PEPQRMYWGFPMAC,False,2hr,2.0,32.335
3,LIB098,PEPQRMYWGFPMAC,False,8hr,8.0,30.942
3,LIB098,PEPQRMYWGFPMAC,False,16hr,16.0,28.161
3,LIB098,PEPQRMYWGFPMAC,False,24hr,24.0,22.564
3,LIB098,PEPQRMYWGFPMAC,False,36hr,36.0,15.513
3,LIB098,PEPQRMYWGFPMAC,False,48hr,48.0,15.663
3,LIB098,PEPQRMYWGFPMAC,False,72hr,72.0,6.85
1,LIB099,PEPQRMYWGFPLAC,False,pre-bleed,,1.884
1,LIB099,PEPQRMYWGFPLAC,False,5min,0.08333333333333333,77.408
1,LIB099,PEPQRMYWGFPLAC,False,20min,0.3333333333333333,61.432
1,LIB099,PEPQRMYWGFPLAC,False,30min,0.5,49.508
1,LIB099,PEPQRMYWGFPLAC,False,1hr,1.0,31.218
1,LIB099,PEPQRMYWGFPLAC,False,2hr,2.0,41.977
1,LIB099,PEPQRMYWGFPLAC,False,8hr,8.0,26.026
1,LIB099,PEPQRMYWGFPLAC,False,16hr,16.0,27.296
1,LIB099,PEPQRMYWGFPLAC,False,24hr,24.0,23.424
1,LIB099,PEPQRMYWGFPLAC,False,36hr,36.0,18.546
1,LIB099,PEPQRMYWGFPLAC,False,48hr,48.0,13.815
1,LIB099,PEPQRMYWGFPLAC,False,72hr,72.0,10.379
2,LIB099,PEPQRMYWGFPLAC,False,pre-bleed,,1.409
2,LIB099,PEPQRMYWGFPLAC,False,5min,0.08333333333333333,91.68
2,LIB099,PEPQRMYWGFPLAC,False,20min,0.3333333333333333,51.113
2,LIB099,PEPQRMYWGFPLAC,False,30min,0.5,51.641
2,LIB099,PEPQRMYWGFPLAC,False,1hr,1.0,34.838
2,LIB099,PEPQRMYWGFPLAC,False,2hr,2.0,26.494
2,LIB099,PEPQRMYWGFPLAC,False,8hr,8.0,24.81
2,LIB099,PEPQRMYWGFPLAC,False,16hr,16.0,19.99
2,LIB099,PEPQRMYWGFPLAC,False,24hr,24.0,15.311
2,LIB099,PEPQRMYWGFPLAC,False,36hr,36.0,13.387
2,LIB099,PEPQRMYWGFPLAC,False,48hr,48.0,9.687
2,LIB099,PEPQRMYWGFPLAC,False,72hr,72.0,4.491
3,LIB099,PEPQRMYWGFPLAC,False,pre-bleed,,1.72
3,LIB099,PEPQRMYWGFPLAC,False,5min,0.08333333333333333,67.133
3,LIB099,PEPQRMYWGFPLAC,False,20min,0.3333333333333333,47.489
3,LIB099,PEPQRMYWGFPLAC,False,30min,0.5,56.537
3,LIB099,PEPQRMYWGFPLAC,False,1hr,1.0,36.938
3,LIB099,PEPQRMYWGFPLAC,False,2hr,2.0,29.743
3,LIB099,PEPQRMYWGFPLAC,False,8hr,8.0,25.095
3,LIB099,PEPQRMYWGFPLAC,False,16hr,16.0,22.851
3,LIB099,PEPQRMYWGFPLAC,False,24hr,24.0,18.553
3,LIB099,PEPQRMYWGFPLAC,False,36hr,36.0,18.775
3,LIB099,PEPQRMYWGFPLAC,False,48hr,48.0,12.972
3,LIB099,PEPQRMYWGFPLAC,False,72hr,72.0,10.601
1,LIB100,PEPQRMYWGFPIAC,False,pre-bleed,,0.671
1,LIB100,PEPQRMYWGFPIAC,False,5min,0.08333333333333333,80.629
1,LIB100,PEPQRMYWGFPIAC,False,20min,0.3333333333333333,60.425
1,LIB100,PEPQRMYWGFPIAC,False,30min,0.5,37.402
1,LIB100,PEPQRMYWGFPIAC,False,1hr,1.0,41.172
1,LIB100,PEPQRMYWGFPIAC,False,2hr,2.0,36.559
1,LIB100,PEPQRMYWGFPIAC,False,8hr,8.0,34.197
1,LIB100,PEPQRMYWGFPIAC,False,16hr,16.0,25.496
1,LIB100,PEPQRMYWGFPIAC,False,24hr,24.0,24.719
1,LIB100,PEPQRMYWGFPIAC,False,36hr,36.0,15.106
1,LIB100,PEPQRMYWGFPIAC,False,48hr,48.0,15.375
1,LIB100,PEPQRMYWGFPIAC,False,72hr,72.0,8.537
2,LIB100,PEPQRMYWGFPIAC,False,pre-bleed,,0.947
2,LIB100,PEPQRMYWGFPIAC,False,5min,0.08333333333333333,54.914
2,LIB100,PEPQRMYWGFPIAC,False,20min,0.3333333333333333,34.908
2,LIB100,PEPQRMYWGFPIAC,False,30min,0.5,51.535
2,LIB100,PEPQRMYWGFPIAC,False,1hr,1.0,37.405
2,LIB100,PEPQRMYWGFPIAC,False,2hr,2.0,25.061
2,LIB100,PEPQRMYWGFPIAC,False,8hr,8.0,25.037
2,LIB100,PEPQRMYWGFPIAC,False,16hr,16.0,23.633
2,LIB100,PEPQRMYWGFPIAC,False,24hr,24.0,17.266
2,LIB100,PEPQRMYWGFPIAC,False,36hr,36.0,11.994
2,LIB100,PEPQRMYWGFPIAC,False,48hr,48.0,10.101
2,LIB100,PEPQRMYWGFPIAC,False,72hr,72.0,4.316
3,LIB100,PEPQRMYWGFPIAC,False,pre-bleed,,0.965
3,LIB100,PEPQRMYWGFPIAC,False,5min,0.08333333333333333,88.01
3,LIB100,PEPQRMYWGFPIAC,False,20min,0.3333333333333333,54.813
3,LIB100,PEPQRMYWGFPIAC,False,30min,0.5,56.78
3,LIB100,PEPQRMYWGFPIAC,False,1hr,1.0,35.383
3,LIB100,PEPQRMYWGFPIAC,False,2hr,2.0,34.132
3,LIB100,PEPQRMYWGFPIAC,False,8hr,8.0,30.027
3,LIB100,PEPQRMYWGFPIAC,False,16hr,16.0,27.777
3,LIB100,PEPQRMYWGFPIAC,False,24hr,24.0,18.31
3,LIB100,PEPQRMYWGFPIAC,False,36hr,36.0,20.313
3,LIB100,PEPQRMYWGFPIAC,False,48hr,48.0,13.807
3,LIB100,PEPQRMYWGFPIAC,False,72hr,72.0,10.976
1,LIB101,PEPHRMYGGFPDAC,False,pre-bleed,,1.476
1,LIB101,PEPHRMYGGFPDAC,False,5min,0.08333333333333333,81.313
1,LIB101,PEPHRMYGGFPDAC,False,20min,0.3333333333333333,49.924
1,LIB101,PEPHRMYGGFPDAC,False,30min,0.5,34.528
1,LIB101,PEPHRMYGGFPDAC,False,1hr,1.0,15.542
1,LIB101,PEPHRMYGGFPDAC,False,2hr,2.0,3.759
1,LIB101,PEPHRMYGGFPDAC,False,8hr,8.0,1.226
1,LIB101,PEPHRMYGGFPDAC,False,16hr,16.0,1.226
1,LIB101,PEPHRMYGGFPDAC,False,24hr,24.0,1.226
1,LIB101,PEPHRMYGGFPDAC,False,36hr,36.0,1.226
1,LIB101,PEPHRMYGGFPDAC,False,48hr,48.0,1.226
1,LIB101,PEPHRMYGGFPDAC,False,72hr,72.0,1.226
2,LIB101,PEPHRMYGGFPDAC,False,pre-bleed,,1.813
2,LIB101,PEPHRMYGGFPDAC,False,5min,0.08333333333333333,82.486
2,LIB101,PEPHRMYGGFPDAC,False,20min,0.3333333333333333,34.234
2,LIB101,PEPHRMYGGFPDAC,False,30min,0.5,29.395
2,LIB101,PEPHRMYGGFPDAC,False,1hr,1.0,12.35
2,LIB101,PEPHRMYGGFPDAC,False,2hr,2.0,3.367
2,LIB101,PEPHRMYGGFPDAC,False,8hr,8.0,1.733
2,LIB101,PEPHRMYGGFPDAC,False,16hr,16.0,1.732
2,LIB101,PEPHRMYGGFPDAC,False,24hr,24.0,1.732
2,LIB101,PEPHRMYGGFPDAC,False,36hr,36.0,1.732
2,LIB101,PEPHRMYGGFPDAC,False,48hr,48.0,1.732
2,LIB101,PEPHRMYGGFPDAC,False,72hr,72.0,1.732
3,LIB101,PEPHRMYGGFPDAC,False,pre-bleed,,1.292
3,LIB101,PEPHRMYGGFPDAC,False,5min,0.08333333333333333,87.484
3,LIB101,PEPHRMYGGFPDAC,False,20min,0.3333333333333333,53.078
3,LIB101,PEPHRMYGGFPDAC,False,30min,0.5,42.653
3,LIB101,PEPHRMYGGFPDAC,False,1hr,1.0,17.318
3,LIB101,PEPHRMYGGFPDAC,False,2hr,2.0,5.314
3,LIB101,PEPHRMYGGFPDAC,False,8hr,8.0,1.135
3,LIB101,PEPHRMYGGFPDAC,False,16hr,16.0,1.13
3,LIB101,PEPHRMYGGFPDAC,False,24hr,24.0,1.13
3,LIB101,PEPHRMYGGFPDAC,False,36hr,36.0,1.13
3,LIB101,PEPHRMYGGFPDAC,False,48hr,48.0,1.13
3,LIB101,PEPHRMYGGFPDAC,False,72hr,72.0,1.13
1,LIB102,PEPHRMYGGFPEAC,False,pre-bleed,,1.013
1,LIB102,PEPHRMYGGFPEAC,False,5min,0.08333333333333333,82.232
1,LIB102,PEPHRMYGGFPEAC,False,20min,0.3333333333333333,54.276
1,LIB102,PEPHRMYGGFPEAC,False,30min,0.5,55.262
1,LIB102,PEPHRMYGGFPEAC,False,1hr,1.0,32.008
1,LIB102,PEPHRMYGGFPEAC,False,2hr,2.0,22.472
1,LIB102,PEPHRMYGGFPEAC,False,8hr,8.0,4.014
1,LIB102,PEPHRMYGGFPEAC,False,16hr,16.0,1.315
1,LIB102,PEPHRMYGGFPEAC,False,24hr,24.0,1.083
1,LIB102,PEPHRMYGGFPEAC,False,36hr,36.0,1.064
1,LIB102,PEPHRMYGGFPEAC,False,48hr,48.0,1.064
1,LIB102,PEPHRMYGGFPEAC,False,72hr,72.0,1.064
2,LIB102,PEPHRMYGGFPEAC,False,pre-bleed,,1.293
2,LIB102,PEPHRMYGGFPEAC,False,5min,0.08333333333333333,88.961
2,LIB102,PEPHRMYGGFPEAC,False,20min,0.3333333333333333,52.187
2,LIB102,PEPHRMYGGFPEAC,False,30min,0.5,27.039
2,LIB102,PEPHRMYGGFPEAC,False,1hr,1.0,24.277
2,LIB102,PEPHRMYGGFPEAC,False,2hr,2.0,18.026
2,LIB102,PEPHRMYGGFPEAC,False,8hr,8.0,2.125
2,LIB102,PEPHRMYGGFPEAC,False,16hr,16.0,1.438
2,LIB102,PEPHRMYGGFPEAC,False,24hr,24.0,1.412
2,LIB102,PEPHRMYGGFPEAC,False,36hr,36.0,1.411
2,LIB102,PEPHRMYGGFPEAC,False,48hr,48.0,1.411
2,LIB102,PEPHRMYGGFPEAC,False,72hr,72.0,1.411
3,LIB102,PEPHRMYGGFPEAC,False,pre-bleed,,1.782
3,LIB102,PEPHRMYGGFPEAC,False,5min,0.08333333333333333,89.175
3,LIB102,PEPHRMYGGFPEAC,False,20min,0.3333333333333333,61.6
3,LIB102,PEPHRMYGGFPEAC,False,30min,0.5,56.642
3,LIB102,PEPHRMYGGFPEAC,False,1hr,1.0,32.966
3,LIB102,PEPHRMYGGFPEAC,False,2hr,2.0,18.812
3,LIB102,PEPHRMYGGFPEAC,False,8hr,8.0,5.107
3,LIB102,PEPHRMYGGFPEAC,False,16hr,16.0,1.878
3,LIB102,PEPHRMYGGFPEAC,False,24hr,24.0,1.647
3,LIB102,PEPHRMYGGFPEAC,False,36hr,36.0,1.614
3,LIB102,PEPHRMYGGFPEAC,False,48hr,48.0,1.614
3,LIB102,PEPHRMYGGFPEAC,False,72hr,72.0,1.614
1,LIB103,PEPHRMYGGFPMAC,False,pre-bleed,,1.641
1,LIB103,PEPHRMYGGFPMAC,False,5min,0.08333333333333333,71.955
1,LIB103,PEPHRMYGGFPMAC,False,20min,0.3333333333333333,46.228
1,LIB103,PEPHRMYGGFPMAC,False,30min,0.5,36.421
1,LIB103,PEPHRMYGGFPMAC,False,1hr,1.0,38.872
1,LIB103,PEPHRMYGGFPMAC,False,2hr,2.0,26.827
1,LIB103,PEPHRMYGGFPMAC,False,8hr,8.0,23.071
1,LIB103,PEPHRMYGGFPMAC,False,16hr,16.0,12.857
1,LIB103,PEPHRMYGGFPMAC,False,24hr,24.0,6.037
1,LIB103,PEPHRMYGGFPMAC,False,36hr,36.0,3.703
1,LIB103,PEPHRMYGGFPMAC,False,48hr,48.0,2.437
1,LIB103,PEPHRMYGGFPMAC,False,72hr,72.0,1.665
2,LIB103,PEPHRMYGGFPMAC,False,pre-bleed,,1.195
2,LIB103,PEPHRMYGGFPMAC,False,5min,0.08333333333333333,90.975
2,LIB103,PEPHRMYGGFPMAC,False,20min,0.3333333333333333,70.803
2,LIB103,PEPHRMYGGFPMAC,False,30min,0.5,50.44
2,LIB103,PEPHRMYGGFPMAC,False,1hr,1.0,43.645
2,LIB103,PEPHRMYGGFPMAC,False,2hr,2.0,34.511
2,LIB103,PEPHRMYGGFPMAC,False,8hr,8.0,19.214
2,LIB103,PEPHRMYGGFPMAC,False,16hr,16.0,10.389
2,LIB103,PEPHRMYGGFPMAC,False,24hr,24.0,6.359
2,LIB103,PEPHRMYGGFPMAC,False,36hr,36.0,2.775
2,LIB103,PEPHRMYGGFPMAC,False,48hr,48.0,1.595
2,LIB103,PEPHRMYGGFPMAC,False,72hr,72.0,1.139
3,LIB103,PEPHRMYGGFPMAC,False,pre-bleed,,0.852
3,LIB103,PEPHRMYGGFPMAC,False,5min,0.08333333333333333,72.51
3,LIB103,PEPHRMYGGFPMAC,False,20min,0.3333333333333333,47.707
3,LIB103,PEPHRMYGGFPMAC,False,30min,0.5,46.698
3,LIB103,PEPHRMYGGFPMAC,False,1hr,1.0,30.354
3,LIB103,PEPHRMYGGFPMAC,False,2hr,2.0,27.243
3,LIB103,PEPHRMYGGFPMAC,False,8hr,8.0,19.822
3,LIB103,PEPHRMYGGFPMAC,False,16hr,16.0,10.993
3,LIB103,PEPHRMYGGFPMAC,False,24hr,24.0,8.171
3,LIB103,PEPHRMYGGFPMAC,False,36hr,36.0,4.386
3,LIB103,PEPHRMYGGFPMAC,False,48hr,48.0,2.318
3,LIB103,PEPHRMYGGFPMAC,False,72hr,72.0,1.26
1,LIB104,PEPHRMYGGFPLAC,False,pre-bleed,,1.462
1,LIB104,PEPHRMYGGFPLAC,False,5min,0.08333333333333333,96.137
1,LIB104,PEPHRMYGGFPLAC,False,20min,0.3333333333333333,67.779
1,LIB104,PEPHRMYGGFPLAC,False,30min,0.5,41.176
1,LIB104,PEPHRMYGGFPLAC,False,1hr,1.0,45.534
1,LIB104,PEPHRMYGGFPLAC,False,2hr,2.0,36.49
1,LIB104,PEPHRMYGGFPLAC,False,8hr,8.0,30.485
1,LIB104,PEPHRMYGGFPLAC,False,16hr,16.0,20.694
1,LIB104,PEPHRMYGGFPLAC,False,24hr,24.0,14.61
1,LIB104,PEPHRMYGGFPLAC,False,36hr,36.0,9.023
1,LIB104,PEPHRMYGGFPLAC,False,48hr,48.0,6.298
1,LIB104,PEPHRMYGGFPLAC,False,72hr,72.0,2.968
2,LIB104,PEPHRMYGGFPLAC,False,pre-bleed,,1.324
2,LIB104,PEPHRMYGGFPLAC,False,5min,0.08333333333333333,86.271
2,LIB104,PEPHRMYGGFPLAC,False,20min,0.3333333333333333,50.527
2,LIB104,PEPHRMYGGFPLAC,False,30min,0.5,51.253
2,LIB104,PEPHRMYGGFPLAC,False,1hr,1.0,34.052
2,LIB104,PEPHRMYGGFPLAC,False,2hr,2.0,33.468
2,LIB104,PEPHRMYGGFPLAC,False,8hr,8.0,27.39
2,LIB104,PEPHRMYGGFPLAC,False,16hr,16.0,13.541
2,LIB104,PEPHRMYGGFPLAC,False,24hr,24.0,10.763
2,LIB104,PEPHRMYGGFPLAC,False,36hr,36.0,5.828
2,LIB104,PEPHRMYGGFPLAC,False,48hr,48.0,3.578
2,LIB104,PEPHRMYGGFPLAC,False,72hr,72.0,1.853
3,LIB104,PEPHRMYGGFPLAC,False,pre-bleed,,0.925
3,LIB104,PEPHRMYGGFPLAC,False,5min,0.08333333333333333,131.504
3,LIB104,PEPHRMYGGFPLAC,False,20min,0.3333333333333333,98.676
3,LIB104,PEPHRMYGGFPLAC,False,30min,0.5,81.422
3,LIB104,PEPHRMYGGFPLAC,False,1hr,1.0,55.289
3,LIB104,PEPHRMYGGFPLAC,False,2hr,2.0,36.417
3,LIB104,PEPHRMYGGFPLAC,False,8hr,8.0,33.145
3,LIB104,PEPHRMYGGFPLAC,False,16hr,16.0,19.246
3,LIB104,PEPHRMYGGFPLAC,False,24hr,24.0,13.249
3,LIB104,PEPHRMYGGFPLAC,False,36hr,36.0,9.546
3,LIB104,PEPHRMYGGFPLAC,False,48hr,48.0,6.05
3,LIB104,PEPHRMYGGFPLAC,False,72hr,72.0,2.703
1,LIB105,PEPHRMYGGFPIAC,False,pre-bleed,,0.95
1,LIB105,PEPHRMYGGFPIAC,False,5min,0.08333333333333333,73.617
1,LIB105,PEPHRMYGGFPIAC,False,20min,0.3333333333333333,71.573
1,LIB105,PEPHRMYGGFPIAC,False,30min,0.5,51.197
1,LIB105,PEPHRMYGGFPIAC,False,1hr,1.0,45.488
1,LIB105,PEPHRMYGGFPIAC,False,2hr,2.0,39.552
1,LIB105,PEPHRMYGGFPIAC,False,8hr,8.0,25.334
1,LIB105,PEPHRMYGGFPIAC,False,16hr,16.0,20.896
1,LIB105,PEPHRMYGGFPIAC,False,24hr,24.0,13.36
1,LIB105,PEPHRMYGGFPIAC,False,36hr,36.0,7.578
1,LIB105,PEPHRMYGGFPIAC,False,48hr,48.0,5.984
1,LIB105,PEPHRMYGGFPIAC,False,72hr,72.0,2.806
2,LIB105,PEPHRMYGGFPIAC,False,pre-bleed,,1.103
2,LIB105,PEPHRMYGGFPIAC,False,5min,0.08333333333333333,101.474
2,LIB105,PEPHRMYGGFPIAC,False,20min,0.3333333333333333,68.68
2,LIB105,PEPHRMYGGFPIAC,False,30min,0.5,59.431
2,LIB105,PEPHRMYGGFPIAC,False,1hr,1.0,34.953
2,LIB105,PEPHRMYGGFPIAC,False,2hr,2.0,28.388
2,LIB105,PEPHRMYGGFPIAC,False,8hr,8.0,25.292
2,LIB105,PEPHRMYGGFPIAC,False,16hr,16.0,18.119
2,LIB105,PEPHRMYGGFPIAC,False,24hr,24.0,9.576
2,LIB105,PEPHRMYGGFPIAC,False,36hr,36.0,4.426
2,LIB105,PEPHRMYGGFPIAC,False,48hr,48.0,3.119
2,LIB105,PEPHRMYGGFPIAC,False,72hr,72.0,1.87
3,LIB105,PEPHRMYGGFPIAC,False,pre-bleed,,1.319
3,LIB105,PEPHRMYGGFPIAC,False,5min,0.08333333333333333,94.826
3,LIB105,PEPHRMYGGFPIAC,False,20min,0.3333333333333333,61.497
3,LIB105,PEPHRMYGGFPIAC,False,30min,0.5,52.144
3,LIB105,PEPHRMYGGFPIAC,False,1hr,1.0,46.745
3,LIB105,PEPHRMYGGFPIAC,False,2hr,2.0,39.074
3,LIB105,PEPHRMYGGFPIAC,False,8hr,8.0,30.808
3,LIB105,PEPHRMYGGFPIAC,False,16hr,16.0,22.834
3,LIB105,PEPHRMYGGFPIAC,False,24hr,24.0,13.858
3,LIB105,PEPHRMYGGFPIAC,False,36hr,36.0,8.353
3,LIB105,PEPHRMYGGFPIAC,False,48hr,48.0,6.333
3,LIB105,PEPHRMYGGFPIAC,False,72hr,72.0,2.888
1,LIB106,PEPHRMYAGFPDAC,False,pre-bleed,,1.438
1,LIB106,PEPHRMYAGFPDAC,False,5min,0.08333333333333333,88.408
1,LIB106,PEPHRMYAGFPDAC,False,20min,0.3333333333333333,55.423
1,LIB106,PEPHRMYAGFPDAC,False,30min,0.5,47.874
1,LIB106,PEPHRMYAGFPDAC,False,1hr,1.0,23.498
1,LIB106,PEPHRMYAGFPDAC,False,2hr,2.0,21.933
1,LIB106,PEPHRMYAGFPDAC,False,8hr,8.0,6.433
1,LIB106,PEPHRMYAGFPDAC,False,16hr,16.0,1.999
1,LIB106,PEPHRMYAGFPDAC,False,24hr,24.0,1.532
1,LIB106,PEPHRMYAGFPDAC,False,36hr,36.0,1.449
1,LIB106,PEPHRMYAGFPDAC,False,48hr,48.0,1.444
1,LIB106,PEPHRMYAGFPDAC,False,72hr,72.0,1.444
2,LIB106,PEPHRMYAGFPDAC,False,pre-bleed,,1.709
2,LIB106,PEPHRMYAGFPDAC,False,5min,0.08333333333333333,105.662
2,LIB106,PEPHRMYAGFPDAC,False,20min,0.3333333333333333,67.13
2,LIB106,PEPHRMYAGFPDAC,False,30min,0.5,67.075
2,LIB106,PEPHRMYAGFPDAC,False,1hr,1.0,39.814
2,LIB106,PEPHRMYAGFPDAC,False,2hr,2.0,18.733
2,LIB106,PEPHRMYAGFPDAC,False,8hr,8.0,4.48
2,LIB106,PEPHRMYAGFPDAC,False,16hr,16.0,1.793
2,LIB106,PEPHRMYAGFPDAC,False,24hr,24.0,1.623
2,LIB106,PEPHRMYAGFPDAC,False,36hr,36.0,1.613
2,LIB106,PEPHRMYAGFPDAC,False,48hr,48.0,1.613
2,LIB106,PEPHRMYAGFPDAC,False,72hr,72.0,1.613
3,LIB106,PEPHRMYAGFPDAC,False,pre-bleed,,1.123
3,LIB106,PEPHRMYAGFPDAC,False,5min,0.08333333333333333,97.009
3,LIB106,PEPHRMYAGFPDAC,False,20min,0.3333333333333333,53.719
3,LIB106,PEPHRMYAGFPDAC,False,30min,0.5,41.143
3,LIB106,PEPHRMYAGFPDAC,False,1hr,1.0,28.646
3,LIB106,PEPHRMYAGFPDAC,False,2hr,2.0,24.328
3,LIB106,PEPHRMYAGFPDAC,False,8hr,8.0,7.51
3,LIB106,PEPHRMYAGFPDAC,False,16hr,16.0,2.125
3,LIB106,PEPHRMYAGFPDAC,False,24hr,24.0,1.476
3,LIB106,PEPHRMYAGFPDAC,False,36hr,36.0,1.351
3,LIB106,PEPHRMYAGFPDAC,False,48hr,48.0,1.342
3,LIB106,PEPHRMYAGFPDAC,False,72hr,72.0,1.342
1,LIB107,PEPHRMYAGFPEAC,False,pre-bleed,,1.768
1,LIB107,PEPHRMYAGFPEAC,False,5min,0.08333333333333333,80.882
1,LIB107,PEPHRMYAGFPEAC,False,20min,0.3333333333333333,58.168
1,LIB107,PEPHRMYAGFPEAC,False,30min,0.5,56.882
1,LIB107,PEPHRMYAGFPEAC,False,1hr,1.0,28.323
1,LIB107,PEPHRMYAGFPEAC,False,2hr,2.0,24.384
1,LIB107,PEPHRMYAGFPEAC,False,8hr,8.0,4.397
1,LIB107,PEPHRMYAGFPEAC,False,16hr,16.0,1.666
1,LIB107,PEPHRMYAGFPEAC,False,24hr,24.0,1.353
1,LIB107,PEPHRMYAGFPEAC,False,36hr,36.0,1.326
1,LIB107,PEPHRMYAGFPEAC,False,48hr,48.0,1.325
1,LIB107,PEPHRMYAGFPEAC,False,72hr,72.0,1.325
2,LIB107,PEPHRMYAGFPEAC,False,pre-bleed,,1.192
2,LIB107,PEPHRMYAGFPEAC,False,5min,0.08333333333333333,104.172
2,LIB107,PEPHRMYAGFPEAC,False,20min,0.3333333333333333,74.027
2,LIB107,PEPHRMYAGFPEAC,False,30min,0.5,43.81
2,LIB107,PEPHRMYAGFPEAC,False,1hr,1.0,26.475
2,LIB107,PEPHRMYAGFPEAC,False,2hr,2.0,16.959
2,LIB107,PEPHRMYAGFPEAC,False,8hr,8.0,2.455
2,LIB107,PEPHRMYAGFPEAC,False,16hr,16.0,1.268
2,LIB107,PEPHRMYAGFPEAC,False,24hr,24.0,1.238
2,LIB107,PEPHRMYAGFPEAC,False,36hr,36.0,1.238
2,LIB107,PEPHRMYAGFPEAC,False,48hr,48.0,1.238
2,LIB107,PEPHRMYAGFPEAC,False,72hr,72.0,1.238
3,LIB107,PEPHRMYAGFPEAC,False,pre-bleed,,1.197
3,LIB107,PEPHRMYAGFPEAC,False,5min,0.08333333333333333,100.904
3,LIB107,PEPHRMYAGFPEAC,False,20min,0.3333333333333333,62.315
3,LIB107,PEPHRMYAGFPEAC,False,30min,0.5,54.41
3,LIB107,PEPHRMYAGFPEAC,False,1hr,1.0,27.389
3,LIB107,PEPHRMYAGFPEAC,False,2hr,2.0,27.323
3,LIB107,PEPHRMYAGFPEAC,False,8hr,8.0,5.398
3,LIB107,PEPHRMYAGFPEAC,False,16hr,16.0,1.68
3,LIB107,PEPHRMYAGFPEAC,False,24hr,24.0,1.193
3,LIB107,PEPHRMYAGFPEAC,False,36hr,36.0,1.148
3,LIB107,PEPHRMYAGFPEAC,False,48hr,48.0,1.146
3,LIB107,PEPHRMYAGFPEAC,False,72hr,72.0,1.146
1,LIB108,PEPHRMYAGFPMAC,False,pre-bleed,,1.778
1,LIB108,PEPHRMYAGFPMAC,False,5min,0.08333333333333333,88.98
1,LIB108,PEPHRMYAGFPMAC,False,20min,0.3333333333333333,51.174
1,LIB108,PEPHRMYAGFPMAC,False,30min,0.5,50.576
1,LIB108,PEPHRMYAGFPMAC,False,1hr,1.0,39.728
1,LIB108,PEPHRMYAGFPMAC,False,2hr,2.0,24.769
1,LIB108,PEPHRMYAGFPMAC,False,8hr,8.0,23.708
1,LIB108,PEPHRMYAGFPMAC,False,16hr,16.0,17.125
1,LIB108,PEPHRMYAGFPMAC,False,24hr,24.0,10.728
1,LIB108,PEPHRMYAGFPMAC,False,36hr,36.0,6.14
1,LIB108,PEPHRMYAGFPMAC,False,48hr,48.0,4.811
1,LIB108,PEPHRMYAGFPMAC,False,72hr,72.0,2.363
2,LIB108,PEPHRMYAGFPMAC,False,pre-bleed,,1.205
2,LIB108,PEPHRMYAGFPMAC,False,5min,0.08333333333333333,87.788
2,LIB108,PEPHRMYAGFPMAC,False,20min,0.3333333333333333,70.868
2,LIB108,PEPHRMYAGFPMAC,False,30min,0.5,72.911
2,LIB108,PEPHRMYAGFPMAC,False,1hr,1.0,29.205
2,LIB108,PEPHRMYAGFPMAC,False,2hr,2.0,32.54
2,LIB108,PEPHRMYAGFPMAC,False,8hr,8.0,16.485
2,LIB108,PEPHRMYAGFPMAC,False,16hr,16.0,12.618
2,LIB108,PEPHRMYAGFPMAC,False,24hr,24.0,5.624
2,LIB108,PEPHRMYAGFPMAC,False,36hr,36.0,3.043
2,LIB108,PEPHRMYAGFPMAC,False,48hr,48.0,1.995
2,LIB108,PEPHRMYAGFPMAC,False,72hr,72.0,1.439
3,LIB108,PEPHRMYAGFPMAC,False,pre-bleed,,1.34
3,LIB108,PEPHRMYAGFPMAC,False,5min,0.08333333333333333,90.221
3,LIB108,PEPHRMYAGFPMAC,False,20min,0.3333333333333333,73.693
3,LIB108,PEPHRMYAGFPMAC,False,30min,0.5,50.461
3,LIB108,PEPHRMYAGFPMAC,False,1hr,1.0,33.827
3,LIB108,PEPHRMYAGFPMAC,False,2hr,2.0,33.727
3,LIB108,PEPHRMYAGFPMAC,False,8hr,8.0,28.313
3,LIB108,PEPHRMYAGFPMAC,False,16hr,16.0,16.744
3,LIB108,PEPHRMYAGFPMAC,False,24hr,24.0,10.929
3,LIB108,PEPHRMYAGFPMAC,False,36hr,36.0,5.947
3,LIB108,PEPHRMYAGFPMAC,False,48hr,48.0,4.566
3,LIB108,PEPHRMYAGFPMAC,False,72hr,72.0,1.881
1,LIB109,PEPHRMYAGFPLAC,False,pre-bleed,,1.864
1,LIB109,PEPHRMYAGFPLAC,False,5min,0.08333333333333333,92.96
1,LIB109,PEPHRMYAGFPLAC,False,20min,0.3333333333333333,64.39
1,LIB109,PEPHRMYAGFPLAC,False,30min,0.5,50.405
1,LIB109,PEPHRMYAGFPLAC,False,1hr,1.0,34.231
1,LIB109,PEPHRMYAGFPLAC,False,2hr,2.0,32.403
1,LIB109,PEPHRMYAGFPLAC,False,8hr,8.0,24.23
1,LIB109,PEPHRMYAGFPLAC,False,16hr,16.0,21.995
1,LIB109,PEPHRMYAGFPLAC,False,24hr,24.0,17.765
1,LIB109,PEPHRMYAGFPLAC,False,36hr,36.0,13.258
1,LIB109,PEPHRMYAGFPLAC,False,48hr,48.0,8.5
1,LIB109,PEPHRMYAGFPLAC,False,72hr,72.0,4.918
2,LIB109,PEPHRMYAGFPLAC,False,pre-bleed,,1.378
2,LIB109,PEPHRMYAGFPLAC,False,5min,0.08333333333333333,71.299
2,LIB109,PEPHRMYAGFPLAC,False,20min,0.3333333333333333,50.444
2,LIB109,PEPHRMYAGFPLAC,False,30min,0.5,53.903
2,LIB109,PEPHRMYAGFPLAC,False,1hr,1.0,42.307
2,LIB109,PEPHRMYAGFPLAC,False,2hr,2.0,27.294
2,LIB109,PEPHRMYAGFPLAC,False,8hr,8.0,25.3
2,LIB109,PEPHRMYAGFPLAC,False,16hr,16.0,13.662
2,LIB109,PEPHRMYAGFPLAC,False,24hr,24.0,9.81
2,LIB109,PEPHRMYAGFPLAC,False,36hr,36.0,6.649
2,LIB109,PEPHRMYAGFPLAC,False,48hr,48.0,3.719
2,LIB109,PEPHRMYAGFPLAC,False,72hr,72.0,1.916
3,LIB109,PEPHRMYAGFPLAC,False,pre-bleed,,1.211
3,LIB109,PEPHRMYAGFPLAC,False,5min,0.08333333333333333,76.286
3,LIB109,PEPHRMYAGFPLAC,False,20min,0.3333333333333333,66.022
3,LIB109,PEPHRMYAGFPLAC,False,30min,0.5,53.277
3,LIB109,PEPHRMYAGFPLAC,False,1hr,1.0,47.383
3,LIB109,PEPHRMYAGFPLAC,False,2hr,2.0,40.465
3,LIB109,PEPHRMYAGFPLAC,False,8hr,8.0,29.473
3,LIB109,PEPHRMYAGFPLAC,False,16hr,16.0,25.431
3,LIB109,PEPHRMYAGFPLAC,False,24hr,24.0,19.629
3,LIB109,PEPHRMYAGFPLAC,False,36hr,36.0,11.306
3,LIB109,PEPHRMYAGFPLAC,False,48hr,48.0,7.973
3,LIB109,PEPHRMYAGFPLAC,False,72hr,72.0,3.573
1,LIB110,PEPHRMYAGFPIAC,False,pre-bleed,,0.991
1,LIB110,PEPHRMYAGFPIAC,False,5min,0.08333333333333333,68.504
1,LIB110,PEPHRMYAGFPIAC,False,20min,0.3333333333333333,54.379
1,LIB110,PEPHRMYAGFPIAC,False,30min,0.5,46.804
1,LIB110,PEPHRMYAGFPIAC,False,1hr,1.0,35.79
1,LIB110,PEPHRMYAGFPIAC,False,2hr,2.0,30.57
1,LIB110,PEPHRMYAGFPIAC,False,8hr,8.0,20.18
1,LIB110,PEPHRMYAGFPIAC,False,16hr,16.0,16.18
1,LIB110,PEPHRMYAGFPIAC,False,24hr,24.0,12.096
1,LIB110,PEPHRMYAGFPIAC,False,36hr,36.0,7.702
1,LIB110,PEPHRMYAGFPIAC,False,48hr,48.0,5.279
1,LIB110,PEPHRMYAGFPIAC,False,72hr,72.0,2.843
2,LIB110,PEPHRMYAGFPIAC,False,pre-bleed,,1.203
2,LIB110,PEPHRMYAGFPIAC,False,5min,0.08333333333333333,104.577
2,LIB110,PEPHRMYAGFPIAC,False,20min,0.3333333333333333,59.391
2,LIB110,PEPHRMYAGFPIAC,False,30min,0.5,40.52
2,LIB110,PEPHRMYAGFPIAC,False,1hr,1.0,41.859
2,LIB110,PEPHRMYAGFPIAC,False,2hr,2.0,35.504
2,LIB110,PEPHRMYAGFPIAC,False,8hr,8.0,23.003
2,LIB110,PEPHRMYAGFPIAC,False,16hr,16.0,14.827
2,LIB110,PEPHRMYAGFPIAC,False,24hr,24.0,8.613
2,LIB110,PEPHRMYAGFPIAC,False,36hr,36.0,5.591
2,LIB110,PEPHRMYAGFPIAC,False,48hr,48.0,3.137
2,LIB110,PEPHRMYAGFPIAC,False,72hr,72.0,1.762
3,LIB110,PEPHRMYAGFPIAC,False,pre-bleed,,0.964
3,LIB110,PEPHRMYAGFPIAC,False,5min,0.08333333333333333,76.056
3,LIB110,PEPHRMYAGFPIAC,False,20min,0.3333333333333333,58.801
3,LIB110,PEPHRMYAGFPIAC,False,30min,0.5,50.435
3,LIB110,PEPHRMYAGFPIAC,False,1hr,1.0,40.333
3,LIB110,PEPHRMYAGFPIAC,False,2hr,2.0,29.988
3,LIB110,PEPHRMYAGFPIAC,False,8hr,8.0,26.992
3,LIB110,PEPHRMYAGFPIAC,False,16hr,16.0,24.104
3,LIB110,PEPHRMYAGFPIAC,False,24hr,24.0,17.933
3,LIB110,PEPHRMYAGFPIAC,False,36hr,36.0,10.689
3,LIB110,PEPHRMYAGFPIAC,False,48hr,48.0,6.572
3,LIB110,PEPHRMYAGFPIAC,False,72hr,72.0,2.79
1,LIB111,PEPHRMYVGFPDAC,False,pre-bleed,,1.234
1,LIB111,PEPHRMYVGFPDAC,False,5min,0.08333333333333333,93.937
1,LIB111,PEPHRMYVGFPDAC,False,20min,0.3333333333333333,65.572
1,LIB111,PEPHRMYVGFPDAC,False,30min,0.5,56.195
1,LIB111,PEPHRMYVGFPDAC,False,1hr,1.0,36.65
1,LIB111,PEPHRMYVGFPDAC,False,2hr,2.0,27.953
1,LIB111,PEPHRMYVGFPDAC,False,8hr,8.0,22.72
1,LIB111,PEPHRMYVGFPDAC,False,16hr,16.0,12.676
1,LIB111,PEPHRMYVGFPDAC,False,24hr,24.0,5.631
1,LIB111,PEPHRMYVGFPDAC,False,36hr,36.0,2.462
1,LIB111,PEPHRMYVGFPDAC,False,48hr,48.0,1.692
1,LIB111,PEPHRMYVGFPDAC,False,72hr,72.0,1.322
2,LIB111,PEPHRMYVGFPDAC,False,pre-bleed,,1.632
2,LIB111,PEPHRMYVGFPDAC,False,5min,0.08333333333333333,88.712
2,LIB111,PEPHRMYVGFPDAC,False,20min,0.3333333333333333,47.774
2,LIB111,PEPHRMYVGFPDAC,False,30min,0.5,56.053
2,LIB111,PEPHRMYVGFPDAC,False,1hr,1.0,45.387
2,LIB111,PEPHRMYVGFPDAC,False,2hr,2.0,31.242
2,LIB111,PEPHRMYVGFPDAC,False,8hr,8.0,16.603
2,LIB111,PEPHRMYVGFPDAC,False,16hr,16.0,6.234
2,LIB111,PEPHRMYVGFPDAC,False,24hr,24.0,3.086
2,LIB111,PEPHRMYVGFPDAC,False,36hr,36.0,1.933
2,LIB111,PEPHRMYVGFPDAC,False,48hr,48.0,1.533
2,LIB111,PEPHRMYVGFPDAC,False,72hr,72.0,1.439
3,LIB111,PEPHRMYVGFPDAC,False,pre-bleed,,1.31
3,LIB111,PEPHRMYVGFPDAC,False,5min,0.08333333333333333,104.233
3,LIB111,PEPHRMYVGFPDAC,False,20min,0.3333333333333333,62.203
3,LIB111,PEPHRMYVGFPDAC,False,30min,0.5,47.305
3,LIB111,PEPHRMYVGFPDAC,False,1hr,1.0,40.375
3,LIB111,PEPHRMYVGFPDAC,False,2hr,2.0,35.348
3,LIB111,PEPHRMYVGFPDAC,False,8hr,8.0,23.789
3,LIB111,PEPHRMYVGFPDAC,False,16hr,16.0,12.217
3,LIB111,PEPHRMYVGFPDAC,False,24hr,24.0,7.005
3,LIB111,PEPHRMYVGFPDAC,False,36hr,36.0,3.444
3,LIB111,PEPHRMYVGFPDAC,False,48hr,48.0,2.126
3,LIB111,PEPHRMYVGFPDAC,False,72hr,72.0,1.515
1,LIB112,PEPHRMYVGFPEAC,False,pre-bleed,,1.357
1,LIB112,PEPHRMYVGFPEAC,False,5min,0.08333333333333333,92.678
1,LIB112,PEPHRMYVGFPEAC,False,20min,0.3333333333333333,60.303
1,LIB112,PEPHRMYVGFPEAC,False,30min,0.5,44.055
1,LIB112,PEPHRMYVGFPEAC,False,1hr,1.0,36.247
1,LIB112,PEPHRMYVGFPEAC,False,2hr,2.0,30.945
1,LIB112,PEPHRMYVGFPEAC,False,8hr,8.0,17.442
1,LIB112,PEPHRMYVGFPEAC,False,16hr,16.0,8.579
1,LIB112,PEPHRMYVGFPEAC,False,24hr,24.0,4.643
1,LIB112,PEPHRMYVGFPEAC,False,36hr,36.0,2.066
1,LIB112,PEPHRMYVGFPEAC,False,48hr,48.0,1.478
1,LIB112,PEPHRMYVGFPEAC,False,72hr,72.0,1.261
2,LIB112,PEPHRMYVGFPEAC,False,pre-bleed,,0.998
2,LIB112,PEPHRMYVGFPEAC,False,5min,0.08333333333333333,99.071
2,LIB112,PEPHRMYVGFPEAC,False,20min,0.3333333333333333,94.319
2,LIB112,PEPHRMYVGFPEAC,False,30min,0.5,53.174
2,LIB112,PEPHRMYVGFPEAC,False,1hr,1.0,41.444
2,LIB112,PEPHRMYVGFPEAC,False,2hr,2.0,22.854
2,LIB112,PEPHRMYVGFPEAC,False,8hr,8.0,13.219
2,LIB112,PEPHRMYVGFPEAC,False,16hr,16.0,6.781
2,LIB112,PEPHRMYVGFPEAC,False,24hr,24.0,2.793
2,LIB112,PEPHRMYVGFPEAC,False,36hr,36.0,1.167
2,LIB112,PEPHRMYVGFPEAC,False,48hr,48.0,1.079
2,LIB112,PEPHRMYVGFPEAC,False,72hr,72.0,0.998
3,LIB112,PEPHRMYVGFPEAC,False,pre-bleed,,1.16
3,LIB112,PEPHRMYVGFPEAC,False,5min,0.08333333333333333,58.314
3,LIB112,PEPHRMYVGFPEAC,False,20min,0.3333333333333333,58.686
3,LIB112,PEPHRMYVGFPEAC,False,30min,0.5,53.894
3,LIB112,PEPHRMYVGFPEAC,False,1hr,1.0,35.811
3,LIB112,PEPHRMYVGFPEAC,False,2hr,2.0,29.069
3,LIB112,PEPHRMYVGFPEAC,False,8hr,8.0,16.99
3,LIB112,PEPHRMYVGFPEAC,False,16hr,16.0,8.734
3,LIB112,PEPHRMYVGFPEAC,False,24hr,24.0,6.864
3,LIB112,PEPHRMYVGFPEAC,False,36hr,36.0,3.884
3,LIB112,PEPHRMYVGFPEAC,False,48hr,48.0,2.236
3,LIB112,PEPHRMYVGFPEAC,False,72hr,72.0,1.297
1,LIB113,PEPHRMYVGFPMAC,False,pre-bleed,,1.126
1,LIB113,PEPHRMYVGFPMAC,False,5min,0.08333333333333333,64.324
1,LIB113,PEPHRMYVGFPMAC,False,20min,0.3333333333333333,55.675
1,LIB113,PEPHRMYVGFPMAC,False,30min,0.5,45.709
1,LIB113,PEPHRMYVGFPMAC,False,1hr,1.0,31.125
1,LIB113,PEPHRMYVGFPMAC,False,2hr,2.0,29.232
1,LIB113,PEPHRMYVGFPMAC,False,8hr,8.0,19.581
1,LIB113,PEPHRMYVGFPMAC,False,16hr,16.0,17.768
1,LIB113,PEPHRMYVGFPMAC,False,24hr,24.0,14.1
1,LIB113,PEPHRMYVGFPMAC,False,36hr,36.0,9.703
1,LIB113,PEPHRMYVGFPMAC,False,48hr,48.0,6.821
1,LIB113,PEPHRMYVGFPMAC,False,72hr,72.0,3.464
2,LIB113,PEPHRMYVGFPMAC,False,pre-bleed,,1.09
2,LIB113,PEPHRMYVGFPMAC,False,5min,0.08333333333333333,83.554
2,LIB113,PEPHRMYVGFPMAC,False,20min,0.3333333333333333,54.815
2,LIB113,PEPHRMYVGFPMAC,False,30min,0.5,55.686
2,LIB113,PEPHRMYVGFPMAC,False,1hr,1.0,34.509
2,LIB113,PEPHRMYVGFPMAC,False,2hr,2.0,33.64
2,LIB113,PEPHRMYVGFPMAC,False,8hr,8.0,22.002
2,LIB113,PEPHRMYVGFPMAC,False,16hr,16.0,13.123
2,LIB113,PEPHRMYVGFPMAC,False,24hr,24.0,8.369
2,LIB113,PEPHRMYVGFPMAC,False,36hr,36.0,4.421
2,LIB113,PEPHRMYVGFPMAC,False,48hr,48.0,2.371
2,LIB113,PEPHRMYVGFPMAC,False,72hr,72.0,1.46
3,LIB113,PEPHRMYVGFPMAC,False,pre-bleed,,1.324
3,LIB113,PEPHRMYVGFPMAC,False,5min,0.08333333333333333,82.498
3,LIB113,PEPHRMYVGFPMAC,False,20min,0.3333333333333333,59.062
3,LIB113,PEPHRMYVGFPMAC,False,30min,0.5,46.177
3,LIB113,PEPHRMYVGFPMAC,False,1hr,1.0,49.051
3,LIB113,PEPHRMYVGFPMAC,False,2hr,2.0,40.507
3,LIB113,PEPHRMYVGFPMAC,False,8hr,8.0,29.341
3,LIB113,PEPHRMYVGFPMAC,False,16hr,16.0,18.666
3,LIB113,PEPHRMYVGFPMAC,False,24hr,24.0,18.581
3,LIB113,PEPHRMYVGFPMAC,False,36hr,36.0,9.824
3,LIB113,PEPHRMYVGFPMAC,False,48hr,48.0,6.728
3,LIB113,PEPHRMYVGFPMAC,False,72hr,72.0,3.938
1,LIB114,PEPHRMYVGFPLAC,False,pre-bleed,,1.216
1,LIB114,PEPHRMYVGFPLAC,False,5min,0.08333333333333333,77.916
1,LIB114,PEPHRMYVGFPLAC,False,20min,0.3333333333333333,70.081
1,LIB114,PEPHRMYVGFPLAC,False,30min,0.5,70.482
1,LIB114,PEPHRMYVGFPLAC,False,1hr,1.0,48.802
1,LIB114,PEPHRMYVGFPLAC,False,2hr,2.0,36.847
1,LIB114,PEPHRMYVGFPLAC,False,8hr,8.0,26.054
1,LIB114,PEPHRMYVGFPLAC,False,16hr,16.0,22.657
1,LIB114,PEPHRMYVGFPLAC,False,24hr,24.0,18.84
1,LIB114,PEPHRMYVGFPLAC,False,36hr,36.0,12.0
1,LIB114,PEPHRMYVGFPLAC,False,48hr,48.0,8.071
1,LIB114,PEPHRMYVGFPLAC,False,72hr,72.0,3.892
2,LIB114,PEPHRMYVGFPLAC,False,pre-bleed,,1.659
2,LIB114,PEPHRMYVGFPLAC,False,5min,0.08333333333333333,79.918
2,LIB114,PEPHRMYVGFPLAC,False,20min,0.3333333333333333,49.707
2,LIB114,PEPHRMYVGFPLAC,False,30min,0.5,39.862
2,LIB114,PEPHRMYVGFPLAC,False,1hr,1.0,44.585
2,LIB114,PEPHRMYVGFPLAC,False,2hr,2.0,38.567
2,LIB114,PEPHRMYVGFPLAC,False,8hr,8.0,27.431
2,LIB114,PEPHRMYVGFPLAC,False,16hr,16.0,20.709
2,LIB114,PEPHRMYVGFPLAC,False,24hr,24.0,12.893
2,LIB114,PEPHRMYVGFPLAC,False,36hr,36.0,11.877
2,LIB114,PEPHRMYVGFPLAC,False,48hr,48.0,5.265
2,LIB114,PEPHRMYVGFPLAC,False,72hr,72.0,3.005
3,LIB114,PEPHRMYVGFPLAC,False,pre-bleed,,0.838
3,LIB114,PEPHRMYVGFPLAC,False,5min,0.08333333333333333,75.104
3,LIB114,PEPHRMYVGFPLAC,False,20min,0.3333333333333333,59.813
3,LIB114,PEPHRMYVGFPLAC,False,30min,0.5,43.287
3,LIB114,PEPHRMYVGFPLAC,False,1hr,1.0,31.735
3,LIB114,PEPHRMYVGFPLAC,False,2hr,2.0,23.924
3,LIB114,PEPHRMYVGFPLAC,False,8hr,8.0,24.536
3,LIB114,PEPHRMYVGFPLAC,False,16hr,16.0,18.757
3,LIB114,PEPHRMYVGFPLAC,False,24hr,24.0,10.967
3,LIB114,PEPHRMYVGFPLAC,False,36hr,36.0,9.763
3,LIB114,PEPHRMYVGFPLAC,False,48hr,48.0,6.36
3,LIB114,PEPHRMYVGFPLAC,False,72hr,72.0,3.313
1,LIB115,PEPHRMYVGFPIAC,False,pre-bleed,,1.213
1,LIB115,PEPHRMYVGFPIAC,False,5min,0.08333333333333333,78.973
1,LIB115,PEPHRMYVGFPIAC,False,20min,0.3333333333333333,62.048
1,LIB115,PEPHRMYVGFPIAC,False,30min,0.5,56.23
1,LIB115,PEPHRMYVGFPIAC,False,1hr,1.0,44.446
1,LIB115,PEPHRMYVGFPIAC,False,2hr,2.0,37.71
1,LIB115,PEPHRMYVGFPIAC,False,8hr,8.0,33.782
1,LIB115,PEPHRMYVGFPIAC,False,16hr,16.0,26.603
1,LIB115,PEPHRMYVGFPIAC,False,24hr,24.0,16.992
1,LIB115,PEPHRMYVGFPIAC,False,36hr,36.0,13.49
1,LIB115,PEPHRMYVGFPIAC,False,48hr,48.0,8.759
1,LIB115,PEPHRMYVGFPIAC,False,72hr,72.0,5.176
2,LIB115,PEPHRMYVGFPIAC,False,pre-bleed,,1.392
2,LIB115,PEPHRMYVGFPIAC,False,5min,0.08333333333333333,105.886
2,LIB115,PEPHRMYVGFPIAC,False,20min,0.3333333333333333,43.098
2,LIB115,PEPHRMYVGFPIAC,False,30min,0.5,40.539
2,LIB115,PEPHRMYVGFPIAC,False,1hr,1.0,33.159
2,LIB115,PEPHRMYVGFPIAC,False,2hr,2.0,44.206
2,LIB115,PEPHRMYVGFPIAC,False,8hr,8.0,25.136
2,LIB115,PEPHRMYVGFPIAC,False,16hr,16.0,18.006
2,LIB115,PEPHRMYVGFPIAC,False,24hr,24.0,14.658
2,LIB115,PEPHRMYVGFPIAC,False,36hr,36.0,8.014
2,LIB115,PEPHRMYVGFPIAC,False,48hr,48.0,4.72
2,LIB115,PEPHRMYVGFPIAC,False,72hr,72.0,2.685
3,LIB115,PEPHRMYVGFPIAC,False,pre-bleed,,1.746
3,LIB115,PEPHRMYVGFPIAC,False,5min,0.08333333333333333,99.32
3,LIB115,PEPHRMYVGFPIAC,False,20min,0.3333333333333333,73.26
3,LIB115,PEPHRMYVGFPIAC,False,30min,0.5,53.828
3,LIB115,PEPHRMYVGFPIAC,False,1hr,1.0,42.019
3,LIB115,PEPHRMYVGFPIAC,False,2hr,2.0,39.134
3,LIB115,PEPHRMYVGFPIAC,False,8hr,8.0,34.093
3,LIB115,PEPHRMYVGFPIAC,False,16hr,16.0,32.782
3,LIB115,PEPHRMYVGFPIAC,False,24hr,24.0,22.711
3,LIB115,PEPHRMYVGFPIAC,False,36hr,36.0,13.886
3,LIB115,PEPHRMYVGFPIAC,False,48hr,48.0,10.201
3,LIB115,PEPHRMYVGFPIAC,False,72hr,72.0,6.725
1,LIB116,PEPHRMYFGFPDAC,False,pre-bleed,,1.139
1,LIB116,PEPHRMYFGFPDAC,False,5min,0.08333333333333333,99.912
1,LIB116,PEPHRMYFGFPDAC,False,20min,0.3333333333333333,86.459
1,LIB116,PEPHRMYFGFPDAC,False,30min,0.5,57.724
1,LIB116,PEPHRMYFGFPDAC,False,1hr,1.0,38.789
1,LIB116,PEPHRMYFGFPDAC,False,2hr,2.0,38.049
1,LIB116,PEPHRMYFGFPDAC,False,8hr,8.0,26.283
1,LIB116,PEPHRMYFGFPDAC,False,16hr,16.0,16.833
1,LIB116,PEPHRMYFGFPDAC,False,24hr,24.0,14.893
1,LIB116,PEPHRMYFGFPDAC,False,36hr,36.0,9.477
1,LIB116,PEPHRMYFGFPDAC,False,48hr,48.0,5.297
1,LIB116,PEPHRMYFGFPDAC,False,72hr,72.0,2.618
2,LIB116,PEPHRMYFGFPDAC,False,pre-bleed,,1.274
2,LIB116,PEPHRMYFGFPDAC,False,5min,0.08333333333333333,86.817
2,LIB116,PEPHRMYFGFPDAC,False,20min,0.3333333333333333,61.273
2,LIB116,PEPHRMYFGFPDAC,False,30min,0.5,53.888
2,LIB116,PEPHRMYFGFPDAC,False,1hr,1.0,39.24
2,LIB116,PEPHRMYFGFPDAC,False,2hr,2.0,27.5
2,LIB116,PEPHRMYFGFPDAC,False,8hr,8.0,20.617
2,LIB116,PEPHRMYFGFPDAC,False,16hr,16.0,11.412
2,LIB116,PEPHRMYFGFPDAC,False,24hr,24.0,7.794
2,LIB116,PEPHRMYFGFPDAC,False,36hr,36.0,3.943
2,LIB116,PEPHRMYFGFPDAC,False,48hr,48.0,2.133
2,LIB116,PEPHRMYFGFPDAC,False,72hr,72.0,1.157
3,LIB116,PEPHRMYFGFPDAC,False,pre-bleed,,1.392
3,LIB116,PEPHRMYFGFPDAC,False,5min,0.08333333333333333,117.173
3,LIB116,PEPHRMYFGFPDAC,False,20min,0.3333333333333333,58.813
3,LIB116,PEPHRMYFGFPDAC,False,30min,0.5,48.595
3,LIB116,PEPHRMYFGFPDAC,False,1hr,1.0,34.467
3,LIB116,PEPHRMYFGFPDAC,False,2hr,2.0,34.805
3,LIB116,PEPHRMYFGFPDAC,False,8hr,8.0,27.24
3,LIB116,PEPHRMYFGFPDAC,False,16hr,16.0,17.883
3,LIB116,PEPHRMYFGFPDAC,False,24hr,24.0,14.086
3,LIB116,PEPHRMYFGFPDAC,False,36hr,36.0,7.601
3,LIB116,PEPHRMYFGFPDAC,False,48hr,48.0,6.62
3,LIB116,PEPHRMYFGFPDAC,False,72hr,72.0,2.863
1,LIB117,PEPHRMYFGFPEAC,False,pre-bleed,,1.211
1,LIB117,PEPHRMYFGFPEAC,False,5min,0.08333333333333333,88.666
1,LIB117,PEPHRMYFGFPEAC,False,20min,0.3333333333333333,64.745
1,LIB117,PEPHRMYFGFPEAC,False,30min,0.5,50.006
1,LIB117,PEPHRMYFGFPEAC,False,1hr,1.0,40.468
1,LIB117,PEPHRMYFGFPEAC,False,2hr,2.0,38.959
1,LIB117,PEPHRMYFGFPEAC,False,8hr,8.0,27.489
1,LIB117,PEPHRMYFGFPEAC,False,16hr,16.0,18.526
1,LIB117,PEPHRMYFGFPEAC,False,24hr,24.0,14.969
1,LIB117,PEPHRMYFGFPEAC,False,36hr,36.0,9.428
1,LIB117,PEPHRMYFGFPEAC,False,48hr,48.0,5.855
1,LIB117,PEPHRMYFGFPEAC,False,72hr,72.0,2.499
2,LIB117,PEPHRMYFGFPEAC,False,pre-bleed,,1.496
2,LIB117,PEPHRMYFGFPEAC,False,5min,0.08333333333333333,100.8
2,LIB117,PEPHRMYFGFPEAC,False,20min,0.3333333333333333,68.289
2,LIB117,PEPHRMYFGFPEAC,False,30min,0.5,57.126
2,LIB117,PEPHRMYFGFPEAC,False,1hr,1.0,29.738
2,LIB117,PEPHRMYFGFPEAC,False,2hr,2.0,32.273
2,LIB117,PEPHRMYFGFPEAC,False,8hr,8.0,18.286
2,LIB117,PEPHRMYFGFPEAC,False,16hr,16.0,9.524
2,LIB117,PEPHRMYFGFPEAC,False,24hr,24.0,7.231
2,LIB117,PEPHRMYFGFPEAC,False,36hr,36.0,4.675
2,LIB117,PEPHRMYFGFPEAC,False,48hr,48.0,2.557
2,LIB117,PEPHRMYFGFPEAC,False,72hr,72.0,1.583
3,LIB117,PEPHRMYFGFPEAC,False,pre-bleed,,1.048
3,LIB117,PEPHRMYFGFPEAC,False,5min,0.08333333333333333,104.698
3,LIB117,PEPHRMYFGFPEAC,False,20min,0.3333333333333333,66.344
3,LIB117,PEPHRMYFGFPEAC,False,30min,0.5,56.125
3,LIB117,PEPHRMYFGFPEAC,False,1hr,1.0,50.852
3,LIB117,PEPHRMYFGFPEAC,False,2hr,2.0,39.564
3,LIB117,PEPHRMYFGFPEAC,False,8hr,8.0,29.135
3,LIB117,PEPHRMYFGFPEAC,False,16hr,16.0,17.513
3,LIB117,PEPHRMYFGFPEAC,False,24hr,24.0,12.889
3,LIB117,PEPHRMYFGFPEAC,False,36hr,36.0,7.93
3,LIB117,PEPHRMYFGFPEAC,False,48hr,48.0,5.474
3,LIB117,PEPHRMYFGFPEAC,False,72hr,72.0,2.78
1,LIB118,PEPHRMYFGFPMAC,False,pre-bleed,,1.424
1,LIB118,PEPHRMYFGFPMAC,False,5min,0.08333333333333333,112.979
1,LIB118,PEPHRMYFGFPMAC,False,20min,0.3333333333333333,87.58
1,LIB118,PEPHRMYFGFPMAC,False,30min,0.5,68.565
1,LIB118,PEPHRMYFGFPMAC,False,1hr,1.0,44.499
1,LIB118,PEPHRMYFGFPMAC,False,2hr,2.0,35.355
1,LIB118,PEPHRMYFGFPMAC,False,8hr,8.0,31.593
1,LIB118,PEPHRMYFGFPMAC,False,16hr,16.0,28.354
1,LIB118,PEPHRMYFGFPMAC,False,24hr,24.0,19.827
1,LIB118,PEPHRMYFGFPMAC,False,36hr,36.0,14.295
1,LIB118,PEPHRMYFGFPMAC,False,48hr,48.0,9.982
1,LIB118,PEPHRMYFGFPMAC,False,72hr,72.0,5.358
2,LIB118,PEPHRMYFGFPMAC,False,pre-bleed,,1.267
2,LIB118,PEPHRMYFGFPMAC,False,5min,0.08333333333333333,75.427
2,LIB118,PEPHRMYFGFPMAC,False,20min,0.3333333333333333,68.826
2,LIB118,PEPHRMYFGFPMAC,False,30min,0.5,64.348
2,LIB118,PEPHRMYFGFPMAC,False,1hr,1.0,50.095
2,LIB118,PEPHRMYFGFPMAC,False,2hr,2.0,34.292
2,LIB118,PEPHRMYFGFPMAC,False,8hr,8.0,28.054
2,LIB118,PEPHRMYFGFPMAC,False,16hr,16.0,18.013
2,LIB118,PEPHRMYFGFPMAC,False,24hr,24.0,14.488
2,LIB118,PEPHRMYFGFPMAC,False,36hr,36.0,8.822
2,LIB118,PEPHRMYFGFPMAC,False,48hr,48.0,5.553
2,LIB118,PEPHRMYFGFPMAC,False,72hr,72.0,2.784
3,LIB118,PEPHRMYFGFPMAC,False,pre-bleed,,2.528
3,LIB118,PEPHRMYFGFPMAC,False,5min,0.08333333333333333,79.357
3,LIB118,PEPHRMYFGFPMAC,False,20min,0.3333333333333333,54.981
3,LIB118,PEPHRMYFGFPMAC,False,30min,0.5,47.89
3,LIB118,PEPHRMYFGFPMAC,False,1hr,1.0,40.197
3,LIB118,PEPHRMYFGFPMAC,False,2hr,2.0,39.929
3,LIB118,PEPHRMYFGFPMAC,False,8hr,8.0,32.908
3,LIB118,PEPHRMYFGFPMAC,False,16hr,16.0,25.659
3,LIB118,PEPHRMYFGFPMAC,False,24hr,24.0,21.785
3,LIB118,PEPHRMYFGFPMAC,False,36hr,36.0,14.331
3,LIB118,PEPHRMYFGFPMAC,False,48hr,48.0,11.297
3,LIB118,PEPHRMYFGFPMAC,False,72hr,72.0,6.831
1,LIB119,PEPHRMYFGFPLAC,False,pre-bleed,,1.668
1,LIB119,PEPHRMYFGFPLAC,False,5min,0.08333333333333333,80.109
1,LIB119,PEPHRMYFGFPLAC,False,20min,0.3333333333333333,41.057
1,LIB119,PEPHRMYFGFPLAC,False,30min,0.5,35.914
1,LIB119,PEPHRMYFGFPLAC,False,1hr,1.0,35.906
1,LIB119,PEPHRMYFGFPLAC,False,2hr,2.0,23.046
1,LIB119,PEPHRMYFGFPLAC,False,8hr,8.0,31.304
1,LIB119,PEPHRMYFGFPLAC,False,16hr,16.0,19.386
1,LIB119,PEPHRMYFGFPLAC,False,24hr,24.0,21.948
1,LIB119,PEPHRMYFGFPLAC,False,36hr,36.0,14.607
1,LIB119,PEPHRMYFGFPLAC,False,48hr,48.0,14.199
1,LIB119,PEPHRMYFGFPLAC,False,72hr,72.0,11.335
2,LIB119,PEPHRMYFGFPLAC,False,pre-bleed,,1.482
2,LIB119,PEPHRMYFGFPLAC,False,5min,0.08333333333333333,74.846
2,LIB119,PEPHRMYFGFPLAC,False,20min,0.3333333333333333,45.813
2,LIB119,PEPHRMYFGFPLAC,False,30min,0.5,51.003
2,LIB119,PEPHRMYFGFPLAC,False,1hr,1.0,26.838
2,LIB119,PEPHRMYFGFPLAC,False,2hr,2.0,35.07
2,LIB119,PEPHRMYFGFPLAC,False,8hr,8.0,22.518
2,LIB119,PEPHRMYFGFPLAC,False,16hr,16.0,15.496
2,LIB119,PEPHRMYFGFPLAC,False,24hr,24.0,19.522
2,LIB119,PEPHRMYFGFPLAC,False,36hr,36.0,11.022
2,LIB119,PEPHRMYFGFPLAC,False,48hr,48.0,10.673
2,LIB119,PEPHRMYFGFPLAC,False,72hr,72.0,5.468
3,LIB119,PEPHRMYFGFPLAC,False,pre-bleed,,1.925
3,LIB119,PEPHRMYFGFPLAC,False,5min,0.08333333333333333,84.279
3,LIB119,PEPHRMYFGFPLAC,False,20min,0.3333333333333333,56.896
3,LIB119,PEPHRMYFGFPLAC,False,30min,0.5,48.845
3,LIB119,PEPHRMYFGFPLAC,False,1hr,1.0,43.163
3,LIB119,PEPHRMYFGFPLAC,False,2hr,2.0,33.319
3,LIB119,PEPHRMYFGFPLAC,False,8hr,8.0,27.839
3,LIB119,PEPHRMYFGFPLAC,False,16hr,16.0,23.027
3,LIB119,PEPHRMYFGFPLAC,False,24hr,24.0,19.461
3,LIB119,PEPHRMYFGFPLAC,False,36hr,36.0,13.953
3,LIB119,PEPHRMYFGFPLAC,False,48hr,48.0,11.713
3,LIB119,PEPHRMYFGFPLAC,False,72hr,72.0,9.14
1,LIB120,PEPHRMYFGFPIAC,False,pre-bleed,,1.383
1,LIB120,PEPHRMYFGFPIAC,False,5min,0.08333333333333333,83.141
1,LIB120,PEPHRMYFGFPIAC,False,20min,0.3333333333333333,64.764
1,LIB120,PEPHRMYFGFPIAC,False,30min,0.5,51.034
1,LIB120,PEPHRMYFGFPIAC,False,1hr,1.0,32.122
1,LIB120,PEPHRMYFGFPIAC,False,2hr,2.0,38.683
1,LIB120,PEPHRMYFGFPIAC,False,8hr,8.0,31.779
1,LIB120,PEPHRMYFGFPIAC,False,16hr,16.0,25.877
1,LIB120,PEPHRMYFGFPIAC,False,24hr,24.0,20.91
1,LIB120,PEPHRMYFGFPIAC,False,36hr,36.0,16.052
1,LIB120,PEPHRMYFGFPIAC,False,48hr,48.0,15.512
1,LIB120,PEPHRMYFGFPIAC,False,72hr,72.0,11.842
2,LIB120,PEPHRMYFGFPIAC,False,pre-bleed,,1.47
2,LIB120,PEPHRMYFGFPIAC,False,5min,0.08333333333333333,94.79
2,LIB120,PEPHRMYFGFPIAC,False,20min,0.3333333333333333,35.044
2,LIB120,PEPHRMYFGFPIAC,False,30min,0.5,51.749
2,LIB120,PEPHRMYFGFPIAC,False,1hr,1.0,31.995
2,LIB120,PEPHRMYFGFPIAC,False,2hr,2.0,27.585
2,LIB120,PEPHRMYFGFPIAC,False,8hr,8.0,27.514
2,LIB120,PEPHRMYFGFPIAC,False,16hr,16.0,23.317
2,LIB120,PEPHRMYFGFPIAC,False,24hr,24.0,13.22
2,LIB120,PEPHRMYFGFPIAC,False,36hr,36.0,12.957
2,LIB120,PEPHRMYFGFPIAC,False,48hr,48.0,9.105
2,LIB120,PEPHRMYFGFPIAC,False,72hr,72.0,4.345
3,LIB120,PEPHRMYFGFPIAC,False,pre-bleed,,1.217
3,LIB120,PEPHRMYFGFPIAC,False,5min,0.08333333333333333,78.076
3,LIB120,PEPHRMYFGFPIAC,False,20min,0.3333333333333333,52.984
3,LIB120,PEPHRMYFGFPIAC,False,30min,0.5,37.169
3,LIB120,PEPHRMYFGFPIAC,False,1hr,1.0,34.491
3,LIB120,PEPHRMYFGFPIAC,False,2hr,2.0,34.32
3,LIB120,PEPHRMYFGFPIAC,False,8hr,8.0,23.898
3,LIB120,PEPHRMYFGFPIAC,False,16hr,16.0,24.021
3,LIB120,PEPHRMYFGFPIAC,False,24hr,24.0,18.955
3,LIB120,PEPHRMYFGFPIAC,False,36hr,36.0,13.206
3,LIB120,PEPHRMYFGFPIAC,False,48hr,48.0,11.68
3,LIB120,PEPHRMYFGFPIAC,False,72hr,72.0,5.136
1,LIB121,PEPHRMYWGFPDAC,False,pre-bleed,,1.222
1,LIB121,PEPHRMYWGFPDAC,False,5min,0.08333333333333333,86.378
1,LIB121,PEPHRMYWGFPDAC,False,20min,0.3333333333333333,66.57
1,LIB121,PEPHRMYWGFPDAC,False,30min,0.5,62.425
1,LIB121,PEPHRMYWGFPDAC,False,1hr,1.0,39.593
1,LIB121,PEPHRMYWGFPDAC,False,2hr,2.0,38.427
1,LIB121,PEPHRMYWGFPDAC,False,8hr,8.0,34.827
1,LIB121,PEPHRMYWGFPDAC,False,16hr,16.0,20.437
1,LIB121,PEPHRMYWGFPDAC,False,24hr,24.0,13.412
1,LIB121,PEPHRMYWGFPDAC,False,36hr,36.0,8.883
1,LIB121,PEPHRMYWGFPDAC,False,48hr,48.0,7.34
1,LIB121,PEPHRMYWGFPDAC,False,72hr,72.0,3.444
2,LIB121,PEPHRMYWGFPDAC,False,pre-bleed,,1.055
2,LIB121,PEPHRMYWGFPDAC,False,5min,0.08333333333333333,86.637
2,LIB121,PEPHRMYWGFPDAC,False,20min,0.3333333333333333,52.14
2,LIB121,PEPHRMYWGFPDAC,False,30min,0.5,73.128
2,LIB121,PEPHRMYWGFPDAC,False,1hr,1.0,39.46
2,LIB121,PEPHRMYWGFPDAC,False,2hr,2.0,38.88
2,LIB121,PEPHRMYWGFPDAC,False,8hr,8.0,23.705
2,LIB121,PEPHRMYWGFPDAC,False,16hr,16.0,14.776
2,LIB121,PEPHRMYWGFPDAC,False,24hr,24.0,11.412
2,LIB121,PEPHRMYWGFPDAC,False,36hr,36.0,7.981
2,LIB121,PEPHRMYWGFPDAC,False,48hr,48.0,3.95
2,LIB121,PEPHRMYWGFPDAC,False,72hr,72.0,1.921
3,LIB121,PEPHRMYWGFPDAC,False,pre-bleed,,1.401
3,LIB121,PEPHRMYWGFPDAC,False,5min,0.08333333333333333,97.235
3,LIB121,PEPHRMYWGFPDAC,False,20min,0.3333333333333333,56.497
3,LIB121,PEPHRMYWGFPDAC,False,30min,0.5,48.763
3,LIB121,PEPHRMYWGFPDAC,False,1hr,1.0,35.861
3,LIB121,PEPHRMYWGFPDAC,False,2hr,2.0,29.756
3,LIB121,PEPHRMYWGFPDAC,False,8hr,8.0,29.527
3,LIB121,PEPHRMYWGFPDAC,False,16hr,16.0,20.714
3,LIB121,PEPHRMYWGFPDAC,False,24hr,24.0,15.104
3,LIB121,PEPHRMYWGFPDAC,False,36hr,36.0,7.627
3,LIB121,PEPHRMYWGFPDAC,False,48hr,48.0,7.966
3,LIB121,PEPHRMYWGFPDAC,False,72hr,72.0,3.126
1,LIB122,PEPHRMYWGFPEAC,False,pre-bleed,,0.901
1,LIB122,PEPHRMYWGFPEAC,False,5min,0.08333333333333333,86.166
1,LIB122,PEPHRMYWGFPEAC,False,20min,0.3333333333333333,56.683
1,LIB122,PEPHRMYWGFPEAC,False,30min,0.5,45.853
1,LIB122,PEPHRMYWGFPEAC,False,1hr,1.0,46.243
1,LIB122,PEPHRMYWGFPEAC,False,2hr,2.0,42.452
1,LIB122,PEPHRMYWGFPEAC,False,8hr,8.0,40.001
1,LIB122,PEPHRMYWGFPEAC,False,16hr,16.0,23.932
1,LIB122,PEPHRMYWGFPEAC,False,24hr,24.0,20.86
1,LIB122,PEPHRMYWGFPEAC,False,36hr,36.0,12.525
1,LIB122,PEPHRMYWGFPEAC,False,48hr,48.0,9.854
1,LIB122,PEPHRMYWGFPEAC,False,72hr,72.0,5.076
2,LIB122,PEPHRMYWGFPEAC,False,pre-bleed,,1.215
2,LIB122,PEPHRMYWGFPEAC,False,5min,0.08333333333333333,91.797
2,LIB122,PEPHRMYWGFPEAC,False,20min,0.3333333333333333,63.736
2,LIB122,PEPHRMYWGFPEAC,False,30min,0.5,50.733
2,LIB122,PEPHRMYWGFPEAC,False,1hr,1.0,38.185
2,LIB122,PEPHRMYWGFPEAC,False,2hr,2.0,45.647
2,LIB122,PEPHRMYWGFPEAC,False,8hr,8.0,26.677
2,LIB122,PEPHRMYWGFPEAC,False,16hr,16.0,17.871
2,LIB122,PEPHRMYWGFPEAC,False,24hr,24.0,11.549
2,LIB122,PEPHRMYWGFPEAC,False,36hr,36.0,10.085
2,LIB122,PEPHRMYWGFPEAC,False,48hr,48.0,5.16
2,LIB122,PEPHRMYWGFPEAC,False,72hr,72.0,1.935
3,LIB122,PEPHRMYWGFPEAC,False,pre-bleed,,1.141
3,LIB122,PEPHRMYWGFPEAC,False,5min,0.08333333333333333,100.317
3,LIB122,PEPHRMYWGFPEAC,False,20min,0.3333333333333333,51.282
3,LIB122,PEPHRMYWGFPEAC,False,30min,0.5,44.014
3,LIB122,PEPHRMYWGFPEAC,False,1hr,1.0,35.832
3,LIB122,PEPHRMYWGFPEAC,False,2hr,2.0,31.755
3,LIB122,PEPHRMYWGFPEAC,False,8hr,8.0,34.012
3,LIB122,PEPHRMYWGFPEAC,False,16hr,16.0,23.646
3,LIB122,PEPHRMYWGFPEAC,False,24hr,24.0,18.28
3,LIB122,PEPHRMYWGFPEAC,False,36hr,36.0,11.155
3,LIB122,PEPHRMYWGFPEAC,False,48hr,48.0,7.831
3,LIB122,PEPHRMYWGFPEAC,False,72hr,72.0,3.745
1,LIB123,PEPHRMYWGFPMAC,False,pre-bleed,,1.15
1,LIB123,PEPHRMYWGFPMAC,False,5min,0.08333333333333333,95.842
1,LIB123,PEPHRMYWGFPMAC,False,20min,0.3333333333333333,74.42
1,LIB123,PEPHRMYWGFPMAC,False,30min,0.5,48.442
1,LIB123,PEPHRMYWGFPMAC,False,1hr,1.0,46.363
1,LIB123,PEPHRMYWGFPMAC,False,2hr,2.0,36.906
1,LIB123,PEPHRMYWGFPMAC,False,8hr,8.0,28.287
1,LIB123,PEPHRMYWGFPMAC,False,16hr,16.0,21.013
1,LIB123,PEPHRMYWGFPMAC,False,24hr,24.0,21.51
1,LIB123,PEPHRMYWGFPMAC,False,36hr,36.0,19.308
1,LIB123,PEPHRMYWGFPMAC,False,48hr,48.0,15.04
1,LIB123,PEPHRMYWGFPMAC,False,72hr,72.0,7.805
2,LIB123,PEPHRMYWGFPMAC,False,pre-bleed,,1.049
2,LIB123,PEPHRMYWGFPMAC,False,5min,0.08333333333333333,90.502
2,LIB123,PEPHRMYWGFPMAC,False,20min,0.3333333333333333,50.689
2,LIB123,PEPHRMYWGFPMAC,False,30min,0.5,73.448
2,LIB123,PEPHRMYWGFPMAC,False,1hr,1.0,40.489
2,LIB123,PEPHRMYWGFPMAC,False,2hr,2.0,34.538
2,LIB123,PEPHRMYWGFPMAC,False,8hr,8.0,26.586
2,LIB123,PEPHRMYWGFPMAC,False,16hr,16.0,23.99
2,LIB123,PEPHRMYWGFPMAC,False,24hr,24.0,25.323
2,LIB123,PEPHRMYWGFPMAC,False,36hr,36.0,18.198
2,LIB123,PEPHRMYWGFPMAC,False,48hr,48.0,7.256
2,LIB123,PEPHRMYWGFPMAC,False,72hr,72.0,4.525
3,LIB123,PEPHRMYWGFPMAC,False,pre-bleed,,1.115
3,LIB123,PEPHRMYWGFPMAC,False,5min,0.08333333333333333,77.724
3,LIB123,PEPHRMYWGFPMAC,False,20min,0.3333333333333333,71.593
3,LIB123,PEPHRMYWGFPMAC,False,30min,0.5,54.038
3,LIB123,PEPHRMYWGFPMAC,False,1hr,1.0,40.834
3,LIB123,PEPHRMYWGFPMAC,False,2hr,2.0,24.15
3,LIB123,PEPHRMYWGFPMAC,False,8hr,8.0,27.689
3,LIB123,PEPHRMYWGFPMAC,False,16hr,16.0,29.408
3,LIB123,PEPHRMYWGFPMAC,False,24hr,24.0,22.779
3,LIB123,PEPHRMYWGFPMAC,False,36hr,36.0,12.634
3,LIB123,PEPHRMYWGFPMAC,False,48hr,48.0,11.561
3,LIB123,PEPHRMYWGFPMAC,False,72hr,72.0,6.597
1,LIB124,PEPHRMYWGFPLAC,False,pre-bleed,,0.901
1,LIB124,PEPHRMYWGFPLAC,False,5min,0.08333333333333333,88.786
1,LIB124,PEPHRMYWGFPLAC,False,20min,0.3333333333333333,71.538
1,LIB124,PEPHRMYWGFPLAC,False,30min,0.5,66.153
1,LIB124,PEPHRMYWGFPLAC,False,1hr,1.0,36.807
1,LIB124,PEPHRMYWGFPLAC,False,2hr,2.0,38.429
1,LIB124,PEPHRMYWGFPLAC,False,8hr,8.0,39.939
1,LIB124,PEPHRMYWGFPLAC,False,16hr,16.0,26.608
1,LIB124,PEPHRMYWGFPLAC,False,24hr,24.0,27.792
1,LIB124,PEPHRMYWGFPLAC,False,36hr,36.0,22.24
1,LIB124,PEPHRMYWGFPLAC,False,48hr,48.0,21.619
1,LIB124,PEPHRMYWGFPLAC,False,72hr,72.0,11.877
2,LIB124,PEPHRMYWGFPLAC,False,pre-bleed,,1.198
2,LIB124,PEPHRMYWGFPLAC,False,5min,0.08333333333333333,86.072
2,LIB124,PEPHRMYWGFPLAC,False,20min,0.3333333333333333,73.383
2,LIB124,PEPHRMYWGFPLAC,False,30min,0.5,59.383
2,LIB124,PEPHRMYWGFPLAC,False,1hr,1.0,35.935
2,LIB124,PEPHRMYWGFPLAC,False,2hr,2.0,35.296
2,LIB124,PEPHRMYWGFPLAC,False,8hr,8.0,37.137
2,LIB124,PEPHRMYWGFPLAC,False,16hr,16.0,21.098
2,LIB124,PEPHRMYWGFPLAC,False,24hr,24.0,20.186
2,LIB124,PEPHRMYWGFPLAC,False,36hr,36.0,14.351
2,LIB124,PEPHRMYWGFPLAC,False,48hr,48.0,11.046
2,LIB124,PEPHRMYWGFPLAC,False,72hr,72.0,5.309
3,LIB124,PEPHRMYWGFPLAC,False,pre-bleed,,1.1
3,LIB124,PEPHRMYWGFPLAC,False,5min,0.08333333333333333,109.578
3,LIB124,PEPHRMYWGFPLAC,False,20min,0.3333333333333333,72.692
3,LIB124,PEPHRMYWGFPLAC,False,30min,0.5,55.896
3,LIB124,PEPHRMYWGFPLAC,False,1hr,1.0,46.12
3,LIB124,PEPHRMYWGFPLAC,False,2hr,2.0,37.488
3,LIB124,PEPHRMYWGFPLAC,False,8hr,8.0,34.137
3,LIB124,PEPHRMYWGFPLAC,False,16hr,16.0,27.084
3,LIB124,PEPHRMYWGFPLAC,False,24hr,24.0,27.356
3,LIB124,PEPHRMYWGFPLAC,False,36hr,36.0,18.191
3,LIB124,PEPHRMYWGFPLAC,False,48hr,48.0,18.13
3,LIB124,PEPHRMYWGFPLAC,False,72hr,72.0,9.569
1,LIB125,PEPHRMYWGFPIAC,False,pre-bleed,,1.365
1,LIB125,PEPHRMYWGFPIAC,False,5min,0.08333333333333333,98.737
1,LIB125,PEPHRMYWGFPIAC,False,20min,0.3333333333333333,60.178
1,LIB125,PEPHRMYWGFPIAC,False,30min,0.5,54.25
1,LIB125,PEPHRMYWGFPIAC,False,1hr,1.0,41.314
1,LIB125,PEPHRMYWGFPIAC,False,2hr,2.0,39.118
1,LIB125,PEPHRMYWGFPIAC,False,8hr,8.0,31.181
1,LIB125,PEPHRMYWGFPIAC,False,16hr,16.0,33.196
1,LIB125,PEPHRMYWGFPIAC,False,24hr,24.0,23.277
1,LIB125,PEPHRMYWGFPIAC,False,36hr,36.0,18.682
1,LIB125,PEPHRMYWGFPIAC,False,48hr,48.0,15.281
1,LIB125,PEPHRMYWGFPIAC,False,72hr,72.0,9.141
2,LIB125,PEPHRMYWGFPIAC,False,pre-bleed,,1.327
2,LIB125,PEPHRMYWGFPIAC,False,5min,0.08333333333333333,97.385
2,LIB125,PEPHRMYWGFPIAC,False,20min,0.3333333333333333,70.589
2,LIB125,PEPHRMYWGFPIAC,False,30min,0.5,56.5
2,LIB125,PEPHRMYWGFPIAC,False,1hr,1.0,31.005
2,LIB125,PEPHRMYWGFPIAC,False,2hr,2.0,29.466
2,LIB125,PEPHRMYWGFPIAC,False,8hr,8.0,35.822
2,LIB125,PEPHRMYWGFPIAC,False,16hr,16.0,22.47
2,LIB125,PEPHRMYWGFPIAC,False,24hr,24.0,16.78
2,LIB125,PEPHRMYWGFPIAC,False,36hr,36.0,14.208
2,LIB125,PEPHRMYWGFPIAC,False,48hr,48.0,10.907
2,LIB125,PEPHRMYWGFPIAC,False,72hr,72.0,5.077
3,LIB125,PEPHRMYWGFPIAC,False,pre-bleed,,1.215
3,LIB125,PEPHRMYWGFPIAC,False,5min,0.08333333333333333,81.63
3,LIB125,PEPHRMYWGFPIAC,False,20min,0.3333333333333333,62.405
3,LIB125,PEPHRMYWGFPIAC,False,30min,0.5,59.584
3,LIB125,PEPHRMYWGFPIAC,False,1hr,1.0,40.892
3,LIB125,PEPHRMYWGFPIAC,False,2hr,2.0,33.903
3,LIB125,PEPHRMYWGFPIAC,False,8hr,8.0,32.667
3,LIB125,PEPHRMYWGFPIAC,False,16hr,16.0,25.205
3,LIB125,PEPHRMYWGFPIAC,False,24hr,24.0,26.21
3,LIB125,PEPHRMYWGFPIAC,False,36hr,36.0,23.273
3,LIB125,PEPHRMYWGFPIAC,False,48hr,48.0,16.933
3,LIB125,PEPHRMYWGFPIAC,False,72hr,72.0,11.562
1,CTRL_short,GLMFGFYRTTYDVC,True,pre-bleed,,1.678
1,CTRL_short,GLMFGFYRTTYDVC,True,5min,0.08333333333333333,83.021
1,CTRL_short,GLMFGFYRTTYDVC,True,20min,0.3333333333333333,54.584
1,CTRL_short,GLMFGFYRTTYDVC,True,30min,0.5,47.656
1,CTRL_short,GLMFGFYRTTYDVC,True,1hr,1.0,29.968
1,CTRL_short,GLMFGFYRTTYDVC,True,2hr,2.0,14.448
1,CTRL_short,GLMFGFYRTTYDVC,True,8hr,8.0,3.294
1,CTRL_short,GLMFGFYRTTYDVC,True,16hr,16.0,1.791
1,CTRL_short,GLMFGFYRTTYDVC,True,24hr,24.0,1.712
1,CTRL_short,GLMFGFYRTTYDVC,True,36hr,36.0,1.709
1,CTRL_short,GLMFGFYRTTYDVC,True,48hr,48.0,1.709
1,CTRL_short,GLMFGFYRTTYDVC,True,72hr,72.0,1.709
2,CTRL_short,GLMFGFYRTTYDVC,True,pre-bleed,,0.869
2,CTRL_short,GLMFGFYRTTYDVC,True,5min,0.08333333333333333,117.417
2,CTRL_short,GLMFGFYRTTYDVC,True,20min,0.3333333333333333,57.845
2,CTRL_short,GLMFGFYRTTYDVC,True,30min,0.5,40.166
2,CTRL_short,GLMFGFYRTTYDVC,True,1hr,1.0,21.434
2,CTRL_short,GLMFGFYRTTYDVC,True,2hr,2.0,10.305
2,CTRL_short,GLMFGFYRTTYDVC,True,8hr,8.0,1.311
2,CTRL_short,GLMFGFYRTTYDVC,True,16hr,16.0,0.949
2,CTRL_short,GLMFGFYRTTYDVC,True,24hr,24.0,0.944
2,CTRL_short,GLMFGFYRTTYDVC,True,36hr,36.0,0.944
2,CTRL_short,GLMFGFYRTTYDVC,True,48hr,48.0,0.944
2,CTRL_short,GLMFGFYRTTYDVC,True,72hr,72.0,0.944
3,CTRL_short,GLMFGFYRTTYDVC,True,pre-bleed,,1.129
3,CTRL_short,GLMFGFYRTTYDVC,True,5min,0.08333333333333333,79.735
3,CTRL_short,GLMFGFYRTTYDVC,True,20min,0.3333333333333333,60.075
3,CTRL_short,GLMFGFYRTTYDVC,True,30min,0.5,35.301
3,CTRL_short,GLMFGFYRTTYDVC,True,1hr,1.0,28.071
3,CTRL_short,GLMFGFYRTTYDVC,True,2hr,2.0,18.816
3,CTRL_short,GLMFGFYRTTYDVC,True,8hr,8.0,2.74
3,CTRL_short,GLMFGFYRTTYDVC,True,16hr,16.0,1.519
3,CTRL_short,GLMFGFYRTTYDVC,True,24hr,24.0,1.472
3,CTRL_short,GLMFGFYRTTYDVC,True,36hr,36.0,1.47
3,CTRL_short,GLMFGFYRTTYDVC,True,48hr,48.0,1.47
3,CTRL_short,GLMFGFYRTTYDVC,True,72hr,72.0,1.47
1,CTRL_medium,ETHHWDWWNEEGNE,True,pre-bleed,,0.988
1,CTRL_medium,ETHHWDWWNEEGNE,True,5min,0.08333333333333333,78.059
1,CTRL_medium,ETHHWDWWNEEGNE,True,20min,0.3333333333333333,61.875
1,CTRL_medium,ETHHWDWWNEEGNE,True,30min,0.5,67.614
1,CTRL_medium,ETHHWDWWNEEGNE,True,1hr,1.0,36.895
1,CTRL_medium,ETHHWDWWNEEGNE,True,2hr,2.0,29.56
1,CTRL_medium,ETHHWDWWNEEGNE,True,8hr,8.0,26.019
1,CTRL_medium,ETHHWDWWNEEGNE,True,16hr,16.0,16.766
1,CTRL_medium,ETHHWDWWNEEGNE,True,24hr,24.0,13.43
1,CTRL_medium,ETHHWDWWNEEGNE,True,36hr,36.0,7.132
1,CTRL_medium,ETHHWDWWNEEGNE,True,48hr,48.0,4.331
1,CTRL_medium,ETHHWDWWNEEGNE,True,72hr,72.0,1.894
2,CTRL_medium,ETHHWDWWNEEGNE,True,pre-bleed,,0.995
2,CTRL_medium,ETHHWDWWNEEGNE,True,5min,0.08333333333333333,72.242
2,CTRL_medium,ETHHWDWWNEEGNE,True,20min,0.3333333333333333,44.024
2,CTRL_medium,ETHHWDWWNEEGNE,True,30min,0.5,33.229
2,CTRL_medium,ETHHWDWWNEEGNE,True,1hr,1.0,33.33
2,CTRL_medium,ETHHWDWWNEEGNE,True,2hr,2.0,23.706
2,CTRL_medium,ETHHWDWWNEEGNE,True,8hr,8.0,14.808
2,CTRL_medium,ETHHWDWWNEEGNE,True,16hr,16.0,11.652
2,CTRL_medium,ETHHWDWWNEEGNE,True,24hr,24.0,5.921
2,CTRL_medium,ETHHWDWWNEEGNE,True,36hr,36.0,2.66
2,CTRL_medium,ETHHWDWWNEEGNE,True,48hr,48.0,1.667
2,CTRL_medium,ETHHWDWWNEEGNE,True,72hr,72.0,0.944
3,CTRL_medium,ETHHWDWWNEEGNE,True,pre-bleed,,1.17
3,CTRL_medium,ETHHWDWWNEEGNE,True,5min,0.08333333333333333,86.323
3,CTRL_medium,ETHHWDWWNEEGNE,True,20min,0.3333333333333333,65.005
3,CTRL_medium,ETHHWDWWNEEGNE,True,30min,0.5,53.72
3,CTRL_medium,ETHHWDWWNEEGNE,True,1hr,1.0,42.7
3,CTRL_medium,ETHHWDWWNEEGNE,True,2hr,2.0,30.032
3,CTRL_medium,ETHHWDWWNEEGNE,True,8hr,8.0,25.851
3,CTRL_medium,ETHHWDWWNEEGNE,True,16hr,16.0,17.564
3,CTRL_medium,ETHHWDWWNEEGNE,True,24hr,24.0,8.943
3,CTRL_medium,ETHHWDWWNEEGNE,True,36hr,36.0,4.891
3,CTRL_medium,ETHHWDWWNEEGNE,True,48hr,48.0,2.707
3,CTRL_medium,ETHHWDWWNEEGNE,True,72hr,72.0,1.342
1,CTRL_long,RCEETCKNMQTITH,True,pre-bleed,,2.01
1,CTRL_long,RCEETCKNMQTITH,True,5min,0.08333333333333333,123.736
1,CTRL_long,RCEETCKNMQTITH,True,20min,0.3333333333333333,62.829
1,CTRL_long,RCEETCKNMQTITH,True,30min,0.5,56.31
1,CTRL_long,RCEETCKNMQTITH,True,1hr,1.0,40.801
1,CTRL_long,RCEETCKNMQTITH,True,2hr,2.0,41.349
1,CTRL_long,RCEETCKNMQTITH,True,8hr,8.0,31.196
1,CTRL_long,RCEETCKNMQTITH,True,16hr,16.0,36.843
1,CTRL_long,RCEETCKNMQTITH,True,24hr,24.0,32.154
1,CTRL_long,RCEETCKNMQTITH,True,36hr,36.0,26.723
1,CTRL_long,RCEETCKNMQTITH,True,48hr,48.0,22.376
1,CTRL_long,RCEETCKNMQTITH,True,72hr,72.0,16.085
2,CTRL_long,RCEETCKNMQTITH,True,pre-bleed,,2.452
2,CTRL_long,RCEETCKNMQTITH,True,5min,0.08333333333333333,71.13
2,CTRL_long,RCEETCKNMQTITH,True,20min,0.3333333333333333,55.802
2,CTRL_long,RCEETCKNMQTITH,True,30min,0.5,54.662
2,CTRL_long,RCEETCKNMQTITH,True,1hr,1.0,40.067
2,CTRL_long,RCEETCKNMQTITH,True,2hr,2.0,30.215
2,CTRL_long,RCEETCKNMQTITH,True,8hr,8.0,35.438
2,CTRL_long,RCEETCKNMQTITH,True,16hr,16.0,28.551
2,CTRL_long,RCEETCKNMQTITH,True,24hr,24.0,32.966
2,CTRL_long,RCEETCKNMQTITH,True,36hr,36.0,18.874
2,CTRL_long,RCEETCKNMQTITH,True,48hr,48.0,18.671
2,CTRL_long,RCEETCKNMQTITH,True,72hr,72.0,8.771
3,CTRL_long,RCEETCKNMQTITH,True,pre-bleed,,1.25
3,CTRL_long,RCEETCKNMQTITH,True,5min,0.08333333333333333,70.142
3,CTRL_long,RCEETCKNMQTITH,True,20min,0.3333333333333333,58.077
3,CTRL_long,RCEETCKNMQTITH,True,30min,0.5,55.224
3,CTRL_long,RCEETCKNMQTITH,True,1hr,1.0,36.092
3,CTRL_long,RCEETCKNMQTITH,True,2hr,2.0,31.945
3,CTRL_long,RCEETCKNMQTITH,True,8hr,8.0,26.288
3,CTRL_long,RCEETCKNMQTITH,True,16hr,16.0,24.681
3,CTRL_long,RCEETCKNMQTITH,True,24hr,24.0,28.524
3,CTRL_long,RCEETCKNMQTITH,True,36hr,36.0,20.044
3,CTRL_long,RCEETCKNMQTITH,True,48hr,48.0,15.128
3,CTRL_long,RCEETCKNMQTITH,True,72hr,72.0,11.688
